None;None;None;None;None;None;None
None;None;None;None;None;None;None
NEUE UND HOCHWERTIGE 2- oder 3-Zimmer-Wohnung(en) mit Loggia und TG-Platz;€ 943,34;2 Zimmer;57 m;Feldkirch;Feldkirch;None
NEUE UND HOCHWERTIGE 2- oder 3-Zimmer-Wohnung(en) mit Loggia und TG-Platz;€ 943,34;2 Zimmer;57 m;Feldkirch;Feldkirch;None
Schöne Wohnung in Altach;€ 1.400;N/A;81 m;Feldkirch;Altach; , Konstanzerstraße 
Schöne Wohnung in Altach;€ 1.400;N/A;81 m;Feldkirch;Altach; , Konstanzerstraße 
Moderne 3-Zimmer-Wohnung in attraktiver Wohnlage (Rankweil);€ 1.393;3 Zimmer;82 m;Feldkirch;Rankweil; , Hopfengarten 
Moderne 3-Zimmer-Wohnung in attraktiver Wohnlage (Rankweil);€ 1.393;3 Zimmer;82 m;Feldkirch;Rankweil; , Hopfengarten 
None;None;None;None;None;None;None
None;None;None;None;None;None;None
PLACE TO BE - Wohnen in der Bahnhofcity Feldkirch / 3 Zimmerwohnung Top 53;€ 1.311;3 Zimmer;77 m;Feldkirch;Feldkirch; , Bahnhofstrasse 
PLACE TO BE - Wohnen in der Bahnhofcity Feldkirch / 3 Zimmerwohnung Top 53;€ 1.311;3 Zimmer;77 m;Feldkirch;Feldkirch; , Bahnhofstrasse 
PLACE TO BE - Wohnen in der Bahnhofcity Feldkirch / 3 Zimmerwohnung Top 25;€ 1.249;N/A;78 m;Feldkirch;Feldkirch; , Bahnhofstraße 36 
PLACE TO BE - Wohnen in der Bahnhofcity Feldkirch / 3 Zimmerwohnung Top 25;€ 1.249;N/A;78 m;Feldkirch;Feldkirch; , Bahnhofstraße 36 
Neuer Preis: Helle, geräumige, gepflegte 2.OG/DG-Zweizimmerwohnung in Tisis. Provisionsfrei! Ideal für Grenzgänger;€ 745;N/A;52 m;Feldkirch;Feldkirch; , Dorfstraße 5 
Neuer Preis: Helle, geräumige, gepflegte 2.OG/DG-Zweizimmerwohnung in Tisis. Provisionsfrei! Ideal für Grenzgänger;€ 745;N/A;52 m;Feldkirch;Feldkirch; , Dorfstraße 5 
helle, geräumige 2 Zimmer Terrassenwohnung;€ 884,80;2 Zimmer;61 m;Bregenz;Bregenz; , Vorklostergasse 
helle, geräumige 2 Zimmer Terrassenwohnung;€ 884,80;2 Zimmer;61 m;Bregenz;Bregenz; , Vorklostergasse 
geräumige 6 Zimmer Wohnung über zwei Etagen;€ 1.089,86;6 Zimmer;97,22 m;Bludenz;Bludesch; , Im Gässle 
geräumige 6 Zimmer Wohnung über zwei Etagen;€ 1.089,86;6 Zimmer;97,22 m;Bludenz;Bludesch; , Im Gässle 
helle, 2 Zimmer Terrassenwohnung in ruhiger Lage;€ 827;2 Zimmer;43 m;Bregenz;Bregenz; , Landstraße 
helle, 2 Zimmer Terrassenwohnung in ruhiger Lage;€ 827;2 Zimmer;43 m;Bregenz;Bregenz; , Landstraße 
helle, zentral gelegene 1 Zimmer Wohnung;€ 590;1 Zimmer;40 m;Dornbirn;Dornbirn; , Lustenauerstraße 
helle, zentral gelegene 1 Zimmer Wohnung;€ 590;1 Zimmer;40 m;Dornbirn;Dornbirn; , Lustenauerstraße 
95 m² mit Terrasse - 2,5 Zimmer;€ 950;2,5 Zimmer;95 m;Bregenz;Wolfurt; , Im Dorf 
95 m² mit Terrasse - 2,5 Zimmer;€ 950;2,5 Zimmer;95 m;Bregenz;Wolfurt; , Im Dorf 
moderne, helle 4 Zimmer Terrassenwohnung;€ 1.369,40;4 Zimmer;100,41 m;Feldkirch;Röthis; , Voralsweg 
moderne, helle 4 Zimmer Terrassenwohnung;€ 1.369,40;4 Zimmer;100,41 m;Feldkirch;Röthis; , Voralsweg 
helle 2 Zimmer Gartenwohnung;€ 942;2 Zimmer;58 m;Bregenz;Bregenz; , Dorf Rieden 
helle 2 Zimmer Gartenwohnung;€ 942;2 Zimmer;58 m;Bregenz;Bregenz; , Dorf Rieden 
gemütliche, 2 Zimmer Wohnung mit Balkon;€ 718;2 Zimmer;46,3 m;Bludenz;Bludenz; , Bundesstraße 
gemütliche, 2 Zimmer Wohnung mit Balkon;€ 718;2 Zimmer;46,3 m;Bludenz;Bludenz; , Bundesstraße 
besondere 4,5 Zimmer Altstadtwohnung;€ 1.460,31;4,5 Zimmer;123,6 m;Feldkirch;Feldkirch; , Kreuzgasse 
besondere 4,5 Zimmer Altstadtwohnung;€ 1.460,31;4,5 Zimmer;123,6 m;Feldkirch;Feldkirch; , Kreuzgasse 
helles geräumiges Studio mit Balkon in ruhiger Lage;€ 754,99;N/A;65,8 m;Bregenz;Bregenz; , Fluh 
helles geräumiges Studio mit Balkon in ruhiger Lage;€ 754,99;N/A;65,8 m;Bregenz;Bregenz; , Fluh 
helle 2 Zimmer Wohnung in zentraler Lage;€ 589,63;2 Zimmer;34,5 m;Bregenz;Bregenz; , Am Steinenbach 
helle 2 Zimmer Wohnung in zentraler Lage;€ 589,63;2 Zimmer;34,5 m;Bregenz;Bregenz; , Am Steinenbach 
große 1 Zimmer Wohnung Blick auf die Schattenburg;€ 610;1 Zimmer;37,56 m;Feldkirch;Feldkirch; , Saalbaugasse 
große 1 Zimmer Wohnung Blick auf die Schattenburg;€ 610;1 Zimmer;37,56 m;Feldkirch;Feldkirch; , Saalbaugasse 
None;None;None;None;None;None;None
None;None;None;None;None;None;None
1 Zimmer Wohnung mit Balkon;€ 450;1 Zimmer;35,85 m;Bludenz;Gargellen; , Gargellenstraße 
1 Zimmer Wohnung mit Balkon;€ 450;1 Zimmer;35,85 m;Bludenz;Gargellen; , Gargellenstraße 
neu renovierte 2,5 Zimmer Wohnung in zentraler Lage;€ 850;2,5 Zimmer;53,07 m;Feldkirch;Feldkirch; , Drevesstraße 
neu renovierte 2,5 Zimmer Wohnung in zentraler Lage;€ 850;2,5 Zimmer;53,07 m;Feldkirch;Feldkirch; , Drevesstraße 
neu renovierte 3,5 Zimmer Wohnung mit Balkon;€ 950;3,5 Zimmer;70 m;Bludenz;Bludenz; , Tränkeweg 
neu renovierte 3,5 Zimmer Wohnung mit Balkon;€ 950;3,5 Zimmer;70 m;Bludenz;Bludenz; , Tränkeweg 
helle, moderne 3 Zimmer Terrassenwohnung;€ 1.350,82;3 Zimmer;81,26 m;Feldkirch;Feldkirch; , Schweizerstraße 
helle, moderne 3 Zimmer Terrassenwohnung;€ 1.350,82;3 Zimmer;81,26 m;Feldkirch;Feldkirch; , Schweizerstraße 
geräumige, helle 3,5 Zimmer Terrassenwohnung in Traumlage;€ 1.450;3,5 Zimmer;130,92 m;Feldkirch;Frastanz; , Blödleweg 
geräumige, helle 3,5 Zimmer Terrassenwohnung in Traumlage;€ 1.450;3,5 Zimmer;130,92 m;Feldkirch;Frastanz; , Blödleweg 
gemütlich eingeteilte 2 Zimmer Wohnung mit Balkon;€ 810;2 Zimmer;44,94 m;Bregenz;Hard; , Landstraße 
gemütlich eingeteilte 2 Zimmer Wohnung mit Balkon;€ 810;2 Zimmer;44,94 m;Bregenz;Hard; , Landstraße 
gemütliche 1 Zimmer Wohnung mit Balkon;€ 596;1 Zimmer;35,9 m;Bregenz;Bregenz; , Blumenstraße 
gemütliche 1 Zimmer Wohnung mit Balkon;€ 596;1 Zimmer;35,9 m;Bregenz;Bregenz; , Blumenstraße 
None;None;None;None;None;None;None
None;None;None;None;None;None;None
Schöne 3-Zimmerwohnung mit Balkon in Götzis;€ 1.250;3 Zimmer;72,76 m;Feldkirch;Götzis; , Oberes Tobel 21, Top 3 
Schöne 3-Zimmerwohnung mit Balkon in Götzis;€ 1.250;3 Zimmer;72,76 m;Feldkirch;Götzis; , Oberes Tobel 21, Top 3 
None;None;None;None;None;None;None
None;None;None;None;None;None;None
None;None;None;None;None;None;None
None;None;None;None;None;None;None
Zentrale 2-Zimmerwohnung mit Balkon am Garnmarkt;€ 790;2 Zimmer;51,73 m;Feldkirch;Götzis; , Im Buch 1, Top 33 
Zentrale 2-Zimmerwohnung mit Balkon am Garnmarkt;€ 790;2 Zimmer;51,73 m;Feldkirch;Götzis; , Im Buch 1, Top 33 
Schöne 3-Zimmerwohnung mit großem Balkon in Lauterach;€ 1.290;3 Zimmer;83,57 m;Bregenz;Lauterach;None
Schöne 3-Zimmerwohnung mit großem Balkon in Lauterach;€ 1.290;3 Zimmer;83,57 m;Bregenz;Lauterach;None
Super 1 Zimmerwohnung mit Balkon in Meiningen zu vermieten;€ 490;1 Zimmer;20 m;Feldkirch;Meiningen;None
Super 1 Zimmerwohnung mit Balkon in Meiningen zu vermieten;€ 490;1 Zimmer;20 m;Feldkirch;Meiningen;None
Schöne 2-Zimmer Gartenwohnung in Feldkirch, Top 1;€ 860;2 Zimmer;50,62 m;Feldkirch;Feldkirch; , Bürgergasse 12c, Top 1 
Schöne 2-Zimmer Gartenwohnung in Feldkirch, Top 1;€ 860;2 Zimmer;50,62 m;Feldkirch;Feldkirch; , Bürgergasse 12c, Top 1 
1-Zimmerwohnung mit Balkon in Wolfurt;€ 620;1 Zimmer;30 m;Bregenz;Wolfurt; , Albert-Loacker-Straße 13, Top 11 
1-Zimmerwohnung mit Balkon in Wolfurt;€ 620;1 Zimmer;30 m;Bregenz;Wolfurt; , Albert-Loacker-Straße 13, Top 11 
Tolle 2-Zimmerwohnung in Feldkirch, Haus 55, Top 4;€ 750;2 Zimmer;41 m;Feldkirch;Feldkirch;None
Tolle 2-Zimmerwohnung in Feldkirch, Haus 55, Top 4;€ 750;2 Zimmer;41 m;Feldkirch;Feldkirch;None
Großzügige 2 Zimmer Gartenwohnung in Dornbirn;€ 975;2 Zimmer;70 m;Dornbirn;Dornbirn;None
Großzügige 2 Zimmer Gartenwohnung in Dornbirn;€ 975;2 Zimmer;70 m;Dornbirn;Dornbirn;None
Schöne 1 Zimmerwohnung mit Balkon in Meiningen zu vermieten;€ 490;1 Zimmer;20 m;Feldkirch;Meiningen;None
Schöne 1 Zimmerwohnung mit Balkon in Meiningen zu vermieten;€ 490;1 Zimmer;20 m;Feldkirch;Meiningen;None
Tolle 1-Zimmerwohnung mit Balkon in Dornbirn;€ 650;1 Zimmer;32 m;Dornbirn;Dornbirn; , Klaudiastraße 6, Top 56 
Tolle 1-Zimmerwohnung mit Balkon in Dornbirn;€ 650;1 Zimmer;32 m;Dornbirn;Dornbirn; , Klaudiastraße 6, Top 56 
Tolle und frisch sanierte 2-Zimmerwohnung mit Balkon in Feldkirch, Top 26;€ 790;2 Zimmer;44 m;Feldkirch;Feldkirch;None
Tolle und frisch sanierte 2-Zimmerwohnung mit Balkon in Feldkirch, Top 26;€ 790;2 Zimmer;44 m;Feldkirch;Feldkirch;None
Tolle 2-Zimmerwohnung in Götzis, Top 11;€ 790;2 Zimmer;51 m;Feldkirch;Götzis; , Montfortstraße 18, Top 11 
Tolle 2-Zimmerwohnung in Götzis, Top 11;€ 790;2 Zimmer;51 m;Feldkirch;Götzis; , Montfortstraße 18, Top 11 
Tolle 3 Zimmer Dachgeschosswohnung mit Balkon in Lustenau zu vermieten;€ 1.170;3 Zimmer;77 m;Dornbirn;Lustenau;None
Tolle 3 Zimmer Dachgeschosswohnung mit Balkon in Lustenau zu vermieten;€ 1.170;3 Zimmer;77 m;Dornbirn;Lustenau;None
Helle 2,5 Zimmerwohnung mit Balkon in Bregenz;€ 790;2,5 Zimmer;58 m;Bregenz;Bregenz;None
Helle 2,5 Zimmerwohnung mit Balkon in Bregenz;€ 790;2,5 Zimmer;58 m;Bregenz;Bregenz;None
None;None;None;None;None;None;None
None;None;None;None;None;None;None
Neubau: Schöne 2 Zimmerwohnung mit wunderbarer Aussicht in der Feldkircher Bahnhofcity, Top 58;€ 999;2 Zimmer;65,55 m;Feldkirch;Feldkirch;None
Neubau: Schöne 2 Zimmerwohnung mit wunderbarer Aussicht in der Feldkircher Bahnhofcity, Top 58;€ 999;2 Zimmer;65,55 m;Feldkirch;Feldkirch;None
None;None;None;None;None;None;None
None;None;None;None;None;None;None
Neubau: Tolle 2 Zimmerwohnung mit schöner Aussicht in der Feldkircher Bahnhofcity zur Miete, Top 49;€ 910,83;2 Zimmer;53,65 m;Feldkirch;Feldkirch;None
Neubau: Tolle 2 Zimmerwohnung mit schöner Aussicht in der Feldkircher Bahnhofcity zur Miete, Top 49;€ 910,83;2 Zimmer;53,65 m;Feldkirch;Feldkirch;None
Neubau: Schöne 3 Zimmerwohnung mit wunderbarer Aussicht in der Feldkircher Bahnhofcity, Top 46;€ 1.299,02;3 Zimmer;78,36 m;Feldkirch;Feldkirch;None
Neubau: Schöne 3 Zimmerwohnung mit wunderbarer Aussicht in der Feldkircher Bahnhofcity, Top 46;€ 1.299,02;3 Zimmer;78,36 m;Feldkirch;Feldkirch;None
Neubau: Schöne 2 Zimmerwohnung mit toller Aussicht in der Feldkircher Bahnhofcity zur Miete, Top 45;€ 891,44;2 Zimmer;55,52 m;Feldkirch;Feldkirch;None
Neubau: Schöne 2 Zimmerwohnung mit toller Aussicht in der Feldkircher Bahnhofcity zur Miete, Top 45;€ 891,44;2 Zimmer;55,52 m;Feldkirch;Feldkirch;None
Neubau: Tolle 2 Zimmerwohnung mit wunderbarer Aussicht in der Feldkircher Bahnhofcity, Top 44;€ 918,19;2 Zimmer;52,51 m;Feldkirch;Feldkirch;None
Neubau: Tolle 2 Zimmerwohnung mit wunderbarer Aussicht in der Feldkircher Bahnhofcity, Top 44;€ 918,19;2 Zimmer;52,51 m;Feldkirch;Feldkirch;None
Neubau: Tolle 2 Zimmerwohnung mit Balkon in der Feldkircher Bahnhofcity zur Miete, Top 35;€ 888,70;2 Zimmer;53,65 m;Feldkirch;Feldkirch;None
Neubau: Tolle 2 Zimmerwohnung mit Balkon in der Feldkircher Bahnhofcity zur Miete, Top 35;€ 888,70;2 Zimmer;53,65 m;Feldkirch;Feldkirch;None
Neubau: Schöne 2 Zimmerwohnung mit Balkon in der Feldkircher Bahnhofcity zur Miete, Top 34;€ 940,05;2 Zimmer;55,13 m;Feldkirch;Feldkirch;None
Neubau: Schöne 2 Zimmerwohnung mit Balkon in der Feldkircher Bahnhofcity zur Miete, Top 34;€ 940,05;2 Zimmer;55,13 m;Feldkirch;Feldkirch;None
Neubau: Tolle 3 Zimmerwohnung mit Balkon in der Feldkircher Bahnhofcity zur Miete, Top 33;€ 1.249;3 Zimmer;76,88 m;Feldkirch;Feldkirch;None
Neubau: Tolle 3 Zimmerwohnung mit Balkon in der Feldkircher Bahnhofcity zur Miete, Top 33;€ 1.249;3 Zimmer;76,88 m;Feldkirch;Feldkirch;None
Neubau: Tolle 3 Zimmerwohnung mit Balkon in der Feldkircher Bahnhofcity zur Miete, Top 32;€ 1.267,54;3 Zimmer;78,36 m;Feldkirch;Feldkirch;None
Neubau: Tolle 3 Zimmerwohnung mit Balkon in der Feldkircher Bahnhofcity zur Miete, Top 32;€ 1.267,54;3 Zimmer;78,36 m;Feldkirch;Feldkirch;None
Neubau: Tolle 2 Zimmerwohnung mit Loggia in der Feldkircher Bahnhofcity zur Miete, Top 31;€ 869,70;2 Zimmer;55,25 m;Feldkirch;Feldkirch;None
Neubau: Tolle 2 Zimmerwohnung mit Loggia in der Feldkircher Bahnhofcity zur Miete, Top 31;€ 869,70;2 Zimmer;55,25 m;Feldkirch;Feldkirch;None
Neubau: Schöne 2 Zimmerwohnung in der Feldkircher Bahnhofcity zur Miete, Top 22;€ 747,04;2 Zimmer;47,65 m;Feldkirch;Feldkirch;None
Neubau: Schöne 2 Zimmerwohnung in der Feldkircher Bahnhofcity zur Miete, Top 22;€ 747,04;2 Zimmer;47,65 m;Feldkirch;Feldkirch;None
None;None;None;None;None;None;None
None;None;None;None;None;None;None
None;None;None;None;None;None;None
None;None;None;None;None;None;None
Neubau: Schöne 3 Zimmerwohnung mit Balkon in der Feldkircher Bahnhofcity zur Miete, Top 18;€ 1.236,06;3 Zimmer;78,36 m;Feldkirch;Feldkirch;None
Neubau: Schöne 3 Zimmerwohnung mit Balkon in der Feldkircher Bahnhofcity zur Miete, Top 18;€ 1.236,06;3 Zimmer;78,36 m;Feldkirch;Feldkirch;None
Neubau: Schöne 2 Zimmerwohnung in der Feldkircher Bahnhofcity zur Miete, Top 6;€ 813,29;2 Zimmer;57,12 m;Feldkirch;Feldkirch;None
Neubau: Schöne 2 Zimmerwohnung in der Feldkircher Bahnhofcity zur Miete, Top 6;€ 813,29;2 Zimmer;57,12 m;Feldkirch;Feldkirch;None
Neubau: Schöne 3 Zimmerwohnung in der Feldkircher Bahnhofcity zur Miete, Top 5;€ 1.177,02;3 Zimmer;79,75 m;Feldkirch;Feldkirch;None
Neubau: Schöne 3 Zimmerwohnung in der Feldkircher Bahnhofcity zur Miete, Top 5;€ 1.177,02;3 Zimmer;79,75 m;Feldkirch;Feldkirch;None
Neubau: Schöne 3 Zimmerwohnung in der Feldkircher Bahnhofcity zur Miete, Top 4;€ 1.177,02;3 Zimmer;80,09 m;Feldkirch;Feldkirch;None
Neubau: Schöne 3 Zimmerwohnung in der Feldkircher Bahnhofcity zur Miete, Top 4;€ 1.177,02;3 Zimmer;80,09 m;Feldkirch;Feldkirch;None
Neubau: Schöne 2 Zimmerwohnung in der Feldkircher Bahnhofcity zur Miete, Top 3;€ 811,54;2 Zimmer;55,94 m;Feldkirch;Feldkirch;None
Neubau: Schöne 2 Zimmerwohnung in der Feldkircher Bahnhofcity zur Miete, Top 3;€ 811,54;2 Zimmer;55,94 m;Feldkirch;Feldkirch;None
Neubau: Schöne 2 Zimmerwohnung in der Feldkircher Bahnhofcity zur Miete, Top 2;€ 798,85;2 Zimmer;55,16 m;Feldkirch;Feldkirch;None
Neubau: Schöne 2 Zimmerwohnung in der Feldkircher Bahnhofcity zur Miete, Top 2;€ 798,85;2 Zimmer;55,16 m;Feldkirch;Feldkirch;None
None;None;None;None;None;None;None
None;None;None;None;None;None;None
Tolle 1-Zimmerwohnung im Zentrum von Feldkirch;€ 590;1 Zimmer;32 m;Feldkirch;Feldkirch; , Hirschgraben 37, Top 9 
Tolle 1-Zimmerwohnung im Zentrum von Feldkirch;€ 590;1 Zimmer;32 m;Feldkirch;Feldkirch; , Hirschgraben 37, Top 9 
1,5-Zimmerwohnung mit Balkon und Blick auf den Karren in Dornbirn;€ 640;1,5 Zimmer;34,2 m;Dornbirn;Dornbirn;None
1,5-Zimmerwohnung mit Balkon und Blick auf den Karren in Dornbirn;€ 640;1,5 Zimmer;34,2 m;Dornbirn;Dornbirn;None
Große helle Altbau Stadtwohnung;€ 1.106;N/A;111 m;Bregenz;Bregenz; , Eichholzstrasse 10 
Große helle Altbau Stadtwohnung;€ 1.106;N/A;111 m;Bregenz;Bregenz; , Eichholzstrasse 10 
Höchst - Exklusive Dachgeschosswohnung mit herrlichem Panorama;€ 1.500;4 Zimmer;90 m;Bregenz;Höchst; , Paradis top 15 
Höchst - Exklusive Dachgeschosswohnung mit herrlichem Panorama;€ 1.500;4 Zimmer;90 m;Bregenz;Höchst; , Paradis top 15 
Sonnige 2-Zimmer-Gartenwohnung in ruhiger Lage;€ 899,17;2 Zimmer;59 m;Dornbirn;Dornbirn;None
Sonnige 2-Zimmer-Gartenwohnung in ruhiger Lage;€ 899,17;2 Zimmer;59 m;Dornbirn;Dornbirn;None
Attraktive 2-Zimmerwohnung mit Wintergarten und Balkon;€ 907,87;2 Zimmer;59 m;Bregenz;Bregenz;None
Attraktive 2-Zimmerwohnung mit Wintergarten und Balkon;€ 907,87;2 Zimmer;59 m;Bregenz;Bregenz;None
Großzügige, generalsanierte 2,5-Zimmerwohnung in guter Lage;€ 940,01;2,5 Zimmer;65 m;Dornbirn;Dornbirn;None
Großzügige, generalsanierte 2,5-Zimmerwohnung in guter Lage;€ 940,01;2,5 Zimmer;65 m;Dornbirn;Dornbirn;None
None;None;None;None;None;None;None
None;None;None;None;None;None;None
Gepflegte 3,5-Zimmerwohnung mit Balkon;€ 993,72;3,5 Zimmer;67,41 m;Dornbirn;Dornbirn;None
Gepflegte 3,5-Zimmerwohnung mit Balkon;€ 993,72;3,5 Zimmer;67,41 m;Dornbirn;Dornbirn;None
Sonnige 3-Zimmer-Maisonette mit Balkon;€ 1.049,50;3 Zimmer;69 m;Bregenz;Wolfurt;None
Sonnige 3-Zimmer-Maisonette mit Balkon;€ 1.049,50;3 Zimmer;69 m;Bregenz;Wolfurt;None
Neubau! 3-Zimmer Wohnung in exklusiver Lage;€ 1.570,25;3 Zimmer;146371;Dornbirn;Dornbirn;None
Neubau! 3-Zimmer Wohnung in exklusiver Lage;€ 1.570,25;3 Zimmer;146371;Dornbirn;Dornbirn;None
2-Zimmer-Stadtwohnung;€ 877,20;2 Zimmer;58596;Dornbirn;Dornbirn; , Riedgasse 32 
2-Zimmer-Stadtwohnung;€ 877,20;2 Zimmer;58596;Dornbirn;Dornbirn; , Riedgasse 32 
Singletipp;€ 648,62;1 Zimmer;38 m;Feldkirch;Götzis;None
Singletipp;€ 648,62;1 Zimmer;38 m;Feldkirch;Götzis;None
2-Zimmerwohnung in See- und Stadtnähe! - PROVISIONSFREI !!! ;€ 948,03;2 Zimmer;183063;Bregenz;Bregenz; , Belruptstraße 
2-Zimmerwohnung in See- und Stadtnähe! - PROVISIONSFREI !!! ;€ 948,03;2 Zimmer;183063;Bregenz;Bregenz; , Belruptstraße 
Exklusive Penthousewohnung zwischen Bodensee und Pfänderhang PROVISIONSFREI !!!;€ 2.234;3 Zimmer;182605;Bregenz;Bregenz; , Belruptstraße 55 
Exklusive Penthousewohnung zwischen Bodensee und Pfänderhang PROVISIONSFREI !!!;€ 2.234;3 Zimmer;182605;Bregenz;Bregenz; , Belruptstraße 55 
Großzügige 3-Zimmer Wohnung ;€ 1.266,50;3 Zimmer;114340;Dornbirn;Dornbirn;None
Großzügige 3-Zimmer Wohnung ;€ 1.266,50;3 Zimmer;114340;Dornbirn;Dornbirn;None
Zentral wohnen - im Herzen von Götzis!;€ 1.083,45;3 Zimmer;79 m;Feldkirch;Götzis; , Steinbux 5 
Zentral wohnen - im Herzen von Götzis!;€ 1.083,45;3 Zimmer;79 m;Feldkirch;Götzis; , Steinbux 5 
2-Zimmerwohnung Top 8;€ 779;2 Zimmer;45,3 m;Bregenz;Bregenz; , Brielgasse 27 
2-Zimmerwohnung Top 8;€ 779;2 Zimmer;45,3 m;Bregenz;Bregenz; , Brielgasse 27 
Dachgeschosswohnung Top 9;€ 1.350;1 Zimmer;94 m;Bregenz;Bregenz; , Rathausstraße 27 
Dachgeschosswohnung Top 9;€ 1.350;1 Zimmer;94 m;Bregenz;Bregenz; , Rathausstraße 27 
None;None;None;None;None;None;None
None;None;None;None;None;None;None
5 Zimmerwohnung 135m² Feldkirch - Altenstadt;€ 1.550;5 Zimmer;135 m;Feldkirch;Feldkirch;None
5 Zimmerwohnung 135m² Feldkirch - Altenstadt;€ 1.550;5 Zimmer;135 m;Feldkirch;Feldkirch;None
EIN TRAUM FÜR SINGLES - "ALL INKLUSIV" IM INDUSTRIESTIL;€ 1.100;2 Zimmer;58 m;Feldkirch;Feldkirch;None
EIN TRAUM FÜR SINGLES - "ALL INKLUSIV" IM INDUSTRIESTIL;€ 1.100;2 Zimmer;58 m;Feldkirch;Feldkirch;None
None;None;None;None;None;None;None
None;None;None;None;None;None;None
None;None;None;None;None;None;None
None;None;None;None;None;None;None
None;None;None;None;None;None;None
None;None;None;None;None;None;None
Helle 4 Zimmerwohnung in Lustenau, Bahnhofstraße zu vermieten!;€ 1.290;4 Zimmer;97,43 m;Dornbirn;Lustenau;None
Helle 4 Zimmerwohnung in Lustenau, Bahnhofstraße zu vermieten!;€ 1.290;4 Zimmer;97,43 m;Dornbirn;Lustenau;None
Neuwertige, doppelstöckige 3 Zimmerwohnung zu vermieten!;€ 1.214;3 Zimmer;77 m;Dornbirn;Lustenau;None
Neuwertige, doppelstöckige 3 Zimmerwohnung zu vermieten!;€ 1.214;3 Zimmer;77 m;Dornbirn;Lustenau;None
Ideal für Singles - 2 Zimmerwohnung in Lauterach zur Miete!;€ 620;2 Zimmer;24 m;Bregenz;Lauterach; , Hubertusweg 10a 
Ideal für Singles - 2 Zimmerwohnung in Lauterach zur Miete!;€ 620;2 Zimmer;24 m;Bregenz;Lauterach; , Hubertusweg 10a 
Hochmoderne 3 Zimmer Dachgeschosswohnung in Hard!;€ 1.300;3 Zimmer;83 m;Bregenz;Hard;None
Hochmoderne 3 Zimmer Dachgeschosswohnung in Hard!;€ 1.300;3 Zimmer;83 m;Bregenz;Hard;None
Moderne 2 Zimmerwohnung in Lustenau zu vermieten!;€ 955;2 Zimmer;57,5 m;Dornbirn;Lustenau;None
Moderne 2 Zimmerwohnung in Lustenau zu vermieten!;€ 955;2 Zimmer;57,5 m;Dornbirn;Lustenau;None
3 Zimmerwohnung in ruhiger Wohnlage in Lustenau zu vermieten!;€ 1.217;3 Zimmer;71,97 m;Dornbirn;Lustenau; , Vorachstraße 57b 
3 Zimmerwohnung in ruhiger Wohnlage in Lustenau zu vermieten!;€ 1.217;3 Zimmer;71,97 m;Dornbirn;Lustenau; , Vorachstraße 57b 
NEUBAU: 4 Zimmerwohnung zu vermieten!;€ 1.775,80;4 Zimmer;90,48 m;Dornbirn;Dornbirn;None
NEUBAU: 4 Zimmerwohnung zu vermieten!;€ 1.775,80;4 Zimmer;90,48 m;Dornbirn;Dornbirn;None
Terrassenwohnung mit traumhafter Aussicht in Lustenau zu vermieten!;€ 820;2 Zimmer;54 m;Dornbirn;Lustenau; , Reichsstraße 23a 
Terrassenwohnung mit traumhafter Aussicht in Lustenau zu vermieten!;€ 820;2 Zimmer;54 m;Dornbirn;Lustenau; , Reichsstraße 23a 
None;None;None;None;None;None;None
None;None;None;None;None;None;None
Attraktive, großzügige 2-Zimmer- Wohnung mit traumhafter Terrasse in Dornbirn;€ 959;2 Zimmer;57 m;Dornbirn;Dornbirn; , Wuhrmeisterstraße 13b 
Attraktive, großzügige 2-Zimmer- Wohnung mit traumhafter Terrasse in Dornbirn;€ 959;2 Zimmer;57 m;Dornbirn;Dornbirn; , Wuhrmeisterstraße 13b 
Sehr schöne großzügige 1,5-Zimmer-Wohnung mit wunderbarer Aussicht in Wolfurt;€ 795;1,5 Zimmer;44 m;Bregenz;Wolfurt; , Brühlstraße 36b 
Sehr schöne großzügige 1,5-Zimmer-Wohnung mit wunderbarer Aussicht in Wolfurt;€ 795;1,5 Zimmer;44 m;Bregenz;Wolfurt; , Brühlstraße 36b 
Attraktive 2-Zimmer-Garten-Wohnung in Alberschwende;€ 920;2 Zimmer;45 m;Bregenz;Alberschwende; , Schwarzen 1157 
Attraktive 2-Zimmer-Garten-Wohnung in Alberschwende;€ 920;2 Zimmer;45 m;Bregenz;Alberschwende; , Schwarzen 1157 
2-Zimmer-Wohnung in tollem Neubau;€ 622;2 Zimmer;24 m;Dornbirn;Dornbirn; , Wallenmahd 16 
2-Zimmer-Wohnung in tollem Neubau;€ 622;2 Zimmer;24 m;Dornbirn;Dornbirn; , Wallenmahd 16 
Neue 2-Zimmer-Dachgeschoß-Wohnung;€ 743;2 Zimmer;37 m;Dornbirn;Dornbirn; , Wallenmahd 16 
Neue 2-Zimmer-Dachgeschoß-Wohnung;€ 743;2 Zimmer;37 m;Dornbirn;Dornbirn; , Wallenmahd 16 
None;None;None;None;None;None;None
None;None;None;None;None;None;None
Top ausgestattete, neue 2-Zimmer-Wohnung;€ 644;2 Zimmer;25 m;Dornbirn;Dornbirn; , Wallenmahd 16 
Top ausgestattete, neue 2-Zimmer-Wohnung;€ 644;2 Zimmer;25 m;Dornbirn;Dornbirn; , Wallenmahd 16 
Lichtdurchflutete 2-Zimmer-Wohnung;€ 600;2 Zimmer;26 m;Dornbirn;Dornbirn; , Wallenmahd 16 
Lichtdurchflutete 2-Zimmer-Wohnung;€ 600;2 Zimmer;26 m;Dornbirn;Dornbirn; , Wallenmahd 16 
Schönes 1-Zimmer-Appartement mit bester Infrastruktur;€ 450;1 Zimmer;22 m;Bregenz;Bregenz; , Ammianusstraße 2 
Schönes 1-Zimmer-Appartement mit bester Infrastruktur;€ 450;1 Zimmer;22 m;Bregenz;Bregenz; , Ammianusstraße 2 
None;None;None;None;None;None;None
None;None;None;None;None;None;None
Helle, gemütliche 3,5-Zimmer-Wohnung in Seenähe;€ 1.000;3 Zimmer;75,6 m;Bregenz;Bregenz; , Auf der Matte 40 
Helle, gemütliche 3,5-Zimmer-Wohnung in Seenähe;€ 1.000;3 Zimmer;75,6 m;Bregenz;Bregenz; , Auf der Matte 40 
Gemütliche 3-Zimmer-Wohnung in Dornbirn;€ 945;3 Zimmer;54 m;Dornbirn;Dornbirn; , Niederbahn 1b 
Gemütliche 3-Zimmer-Wohnung in Dornbirn;€ 945;3 Zimmer;54 m;Dornbirn;Dornbirn; , Niederbahn 1b 
Lichtdurchflutete 4-Zimmer-Wohnung in zentrumsnaher Lage mit Terrasse;€ 1.100;4 Zimmer;84 m;Dornbirn;Dornbirn; , Am Kehlerpark 12 
Lichtdurchflutete 4-Zimmer-Wohnung in zentrumsnaher Lage mit Terrasse;€ 1.100;4 Zimmer;84 m;Dornbirn;Dornbirn; , Am Kehlerpark 12 
Sehr schöne 2-Zimmer-Wohnung in bester Lage im Oberdorf in Dornbirn / Rosenstraße;€ 920;2 Zimmer;45 m;Dornbirn;Dornbirn; , Rosenstraße 17 
Sehr schöne 2-Zimmer-Wohnung in bester Lage im Oberdorf in Dornbirn / Rosenstraße;€ 920;2 Zimmer;45 m;Dornbirn;Dornbirn; , Rosenstraße 17 
Freundliche 4-Zimmer-Wohnung in ruhiger Lage;€ 940;4 Zimmer;66 m;Feldkirch;Feldkirch; , Rhetikusstraße 19 
Freundliche 4-Zimmer-Wohnung in ruhiger Lage;€ 940;4 Zimmer;66 m;Feldkirch;Feldkirch; , Rhetikusstraße 19 
Gemütliche 2,5 Zimmer-Wohnung im Zentrum von Dornbirn;€ 880;2 Zimmer;64 m;Dornbirn;Dornbirn; , Eisengasse 16a 
Gemütliche 2,5 Zimmer-Wohnung im Zentrum von Dornbirn;€ 880;2 Zimmer;64 m;Dornbirn;Dornbirn; , Eisengasse 16a 
2-Zimmer-Garten-Wohnung in herrlicher Lage;€ 911;2 Zimmer;51 m;Dornbirn;Dornbirn; , Brunnengasse 12/12a 
2-Zimmer-Garten-Wohnung in herrlicher Lage;€ 911;2 Zimmer;51 m;Dornbirn;Dornbirn; , Brunnengasse 12/12a 
Gemütliche 2-Zimmer-Garten-Wohnung in mordernem Neubau;€ 862;2 Zimmer;49 m;Dornbirn;Hohenems;  , Dr. Häfele-Straße 4 
Gemütliche 2-Zimmer-Garten-Wohnung in mordernem Neubau;€ 862;2 Zimmer;49 m;Dornbirn;Hohenems;  , Dr. Häfele-Straße 4 
None;None;None;None;None;None;None
None;None;None;None;None;None;None
None;None;None;None;None;None;None
None;None;None;None;None;None;None
Neuwertige 2-Zimmer-Wohnung;€ 935;2 Zimmer;54 m;Bregenz;Höchst; , Bonigstraße 55 
Neuwertige 2-Zimmer-Wohnung;€ 935;2 Zimmer;54 m;Bregenz;Höchst; , Bonigstraße 55 
Gemütliche 2,5 Zimmer-Wohnung in zentrumsnaher Lage mit Terrasse;€ 893;2,5 Zimmer;53 m;Dornbirn;Dornbirn; , Am Kehlerpark 6 
Gemütliche 2,5 Zimmer-Wohnung in zentrumsnaher Lage mit Terrasse;€ 893;2,5 Zimmer;53 m;Dornbirn;Dornbirn; , Am Kehlerpark 6 
Sehr schöne 2-Zimmer-Wohnung mit großzügiger Terrasse in Feldkirch-Tosters;€ 920;2 Zimmer;55 m;Feldkirch;Feldkirch; , Alvierstraße 10 
Sehr schöne 2-Zimmer-Wohnung mit großzügiger Terrasse in Feldkirch-Tosters;€ 920;2 Zimmer;55 m;Feldkirch;Feldkirch; , Alvierstraße 10 
Schöne 2-Zimmer-Wohnung in hervorragender Lage;€ 898;2 Zimmer;51 m;Dornbirn;Dornbirn; , Frühlingsstraße 14 
Schöne 2-Zimmer-Wohnung in hervorragender Lage;€ 898;2 Zimmer;51 m;Dornbirn;Dornbirn; , Frühlingsstraße 14 
Gemütliche 2 Zimmer Gartenwohnung mit Autostellplatz;€ 735;2 Zimmer;58 m;Bludenz;Vandans; , Untere Venserstraße 102 
Gemütliche 2 Zimmer Gartenwohnung mit Autostellplatz;€ 735;2 Zimmer;58 m;Bludenz;Vandans; , Untere Venserstraße 102 
Sonnige 3 Zi.-Eckgartenwohnung mit Wintergarten & TG-Stellplatz;€ 1.290;3 Zimmer;85 m;Feldkirch;Feldkirch; , Gallmiststr. 30c 
Sonnige 3 Zi.-Eckgartenwohnung mit Wintergarten & TG-Stellplatz;€ 1.290;3 Zimmer;85 m;Feldkirch;Feldkirch; , Gallmiststr. 30c 
Großzügige Terrassenwohnung in Bregenz;€ 1.598;3 Zimmer;103 m;Bregenz;Bregenz;None
Großzügige Terrassenwohnung in Bregenz;€ 1.598;3 Zimmer;103 m;Bregenz;Bregenz;None
Singlewohnung in Dornbirn mit ca. 28 m² Wohnfläche sucht NACHMIETER!;€ 500;1 Zimmer;28,46 m;Dornbirn;Dornbirn;None
Singlewohnung in Dornbirn mit ca. 28 m² Wohnfläche sucht NACHMIETER!;€ 500;1 Zimmer;28,46 m;Dornbirn;Dornbirn;None
Penthouse in traumhafter Hanglage mit herrlichem Ausblick!;€ 1.992;4 Zimmer;117,81 m;Feldkirch;Feldkirch;None
Penthouse in traumhafter Hanglage mit herrlichem Ausblick!;€ 1.992;4 Zimmer;117,81 m;Feldkirch;Feldkirch;None
Mietwohnung im Uniqa-Center W1;€ 1.072,82;3 Zimmer;67,96 m;Bregenz;Bregenz;None
Mietwohnung im Uniqa-Center W1;€ 1.072,82;3 Zimmer;67,96 m;Bregenz;Bregenz;None
Parken im Parkdeck - PR09;Preis auf Anfrage;N/A;171647;Bregenz;Bregenz;None
Parken im Parkdeck - PR09;Preis auf Anfrage;N/A;171647;Bregenz;Bregenz;None
Parken im Parkdeck;Preis auf Anfrage;N/A;171646;Bregenz;Bregenz;None
Parken im Parkdeck;Preis auf Anfrage;N/A;171646;Bregenz;Bregenz;None
Mietwohnung im Uniqa-Center;€ 1.134,53;3 Zimmer;72,28 m;Bregenz;Bregenz;None
Mietwohnung im Uniqa-Center;€ 1.134,53;3 Zimmer;72,28 m;Bregenz;Bregenz;None
Wohnen in zentrumsnaher Grünlage;€ 915;2 Zimmer;54,7 m;Feldkirch;Feldkirch; , Hämmerlestraße 36 
Wohnen in zentrumsnaher Grünlage;€ 915;2 Zimmer;54,7 m;Feldkirch;Feldkirch; , Hämmerlestraße 36 
Sonnige 3-Zimmer-Wohnung mit Garten Neubau in Satteins;€ 1.420;3 Zimmer;89,28 m;Feldkirch;Satteins; , Viola 12 
Sonnige 3-Zimmer-Wohnung mit Garten Neubau in Satteins;€ 1.420;3 Zimmer;89,28 m;Feldkirch;Satteins; , Viola 12 
1-Zimmer-Stadtwohnung mit herrlicher Terrasse zu mieten;€ 655;1 Zimmer;38 m;Bregenz;Bregenz; , Bergstraße 2 
1-Zimmer-Stadtwohnung mit herrlicher Terrasse zu mieten;€ 655;1 Zimmer;38 m;Bregenz;Bregenz; , Bergstraße 2 
Exklusive Wohnung mit Panoramablick über den Bodensee;€ 1.990;N/A;85,83 m;Bregenz;Lochau; , Haggen 5 
Exklusive Wohnung mit Panoramablick über den Bodensee;€ 1.990;N/A;85,83 m;Bregenz;Lochau; , Haggen 5 
Neuwertiges 2-Zimmer-Apartment zu mieten;€ 645;2 Zimmer;37,35 m;Feldkirch;Röthis; , Walgaustraße 2b 
Neuwertiges 2-Zimmer-Apartment zu mieten;€ 645;2 Zimmer;37,35 m;Feldkirch;Röthis; , Walgaustraße 2b 
Zentrale, direkt am Stadtgarten gelegene 3-Zimmer-Wohnung;€ 1.285;3 Zimmer;84,48 m;Dornbirn;Dornbirn; , Jahngasse 3a 
Zentrale, direkt am Stadtgarten gelegene 3-Zimmer-Wohnung;€ 1.285;3 Zimmer;84,48 m;Dornbirn;Dornbirn; , Jahngasse 3a 
Rarität – 2-Zimmer-Gartenwohnung im Zentrum von Dornbirn;€ 865;2 Zimmer;47,72 m;Dornbirn;Dornbirn; , Dr.-Waibel-Straße 5 
Rarität – 2-Zimmer-Gartenwohnung im Zentrum von Dornbirn;€ 865;2 Zimmer;47,72 m;Dornbirn;Dornbirn; , Dr.-Waibel-Straße 5 
Sanierte Dachgeschosswohnung in Koblach zu mieten;€ 1.140;4 Zimmer;86 m;Feldkirch;Koblach; , Dorf 43 
Sanierte Dachgeschosswohnung in Koblach zu mieten;€ 1.140;4 Zimmer;86 m;Feldkirch;Koblach; , Dorf 43 
Großzügige 3-Wohnung mitten in Koblach;€ 1.098;3 Zimmer;82,79 m;Feldkirch;Koblach;  , Dorf 43 
Großzügige 3-Wohnung mitten in Koblach;€ 1.098;3 Zimmer;82,79 m;Feldkirch;Koblach;  , Dorf 43 
Gemütliche Maisonette-Wohnung mitten in Koblach zu mieten;€ 795;2 Zimmer;53 m;Feldkirch;Koblach; , Dorf 43 
Gemütliche Maisonette-Wohnung mitten in Koblach zu mieten;€ 795;2 Zimmer;53 m;Feldkirch;Koblach; , Dorf 43 
Smart Living - modernes, intelligentes Wohnen / Neu errichtete 2-Zimmer-Garten-Apartments;€ 795;2 Zimmer;37 m;Dornbirn;Dornbirn; , Turteltaubweg 4 
Smart Living - modernes, intelligentes Wohnen / Neu errichtete 2-Zimmer-Garten-Apartments;€ 795;2 Zimmer;37 m;Dornbirn;Dornbirn; , Turteltaubweg 4 
Smart Living - modernes, intelligentes Wohnen / Neu errichtete 2-Zimmer-Apartments;€ 795;2 Zimmer;37 m;Dornbirn;Dornbirn; , Turteltaubweg 4 
Smart Living - modernes, intelligentes Wohnen / Neu errichtete 2-Zimmer-Apartments;€ 795;2 Zimmer;37 m;Dornbirn;Dornbirn; , Turteltaubweg 4 
3 Zimmer Wohnung in Rankweil;€ 970;2 Zimmer;67,73 m;Feldkirch;Rankweil; , Bifangstraße 36 
3 Zimmer Wohnung in Rankweil;€ 970;2 Zimmer;67,73 m;Feldkirch;Rankweil; , Bifangstraße 36 
NEUWERTIGE 2 ZIMMER-GARTENWOHNUNG IN NATURNAHER LAGE!;€ 1.050;2 Zimmer;61,27 m;Feldkirch;Feldkirch; , Bergäcker 37 
NEUWERTIGE 2 ZIMMER-GARTENWOHNUNG IN NATURNAHER LAGE!;€ 1.050;2 Zimmer;61,27 m;Feldkirch;Feldkirch; , Bergäcker 37 
barrierefrei zugängliche 2 Zimmer Wohnung;€ 740,13;2 Zimmer;54,5 m;Bludenz;Ludesch; , Brunnengarten 49 
barrierefrei zugängliche 2 Zimmer Wohnung;€ 740,13;2 Zimmer;54,5 m;Bludenz;Ludesch; , Brunnengarten 49 
Gemütliche 1-Zimmerwohnung mit überdachtem Balkon in Lochau, Hoferfeld (September 2022);€ 600;1 Zimmer;31 m;Bregenz;Lochau;None
Gemütliche 1-Zimmerwohnung mit überdachtem Balkon in Lochau, Hoferfeld (September 2022);€ 600;1 Zimmer;31 m;Bregenz;Lochau;None
3-Zimmer-Dachgeschosswohnung mit großer Terrasse in Lustenau (verfügbar ab Juli 2022);€ 1.380;N/A;93 m;Dornbirn;Lustenau;None
3-Zimmer-Dachgeschosswohnung mit großer Terrasse in Lustenau (verfügbar ab Juli 2022);€ 1.380;N/A;93 m;Dornbirn;Lustenau;None
Gemütliche 3-Zimmerwohnung mit Balkon in Altach (Grenznähe), verfügbar ab 01.05.2022;€ 865;N/A;58 m;Feldkirch;Altach;None
Gemütliche 3-Zimmerwohnung mit Balkon in Altach (Grenznähe), verfügbar ab 01.05.2022;€ 865;N/A;58 m;Feldkirch;Altach;None
Gemütliche, zentrumsnahe 1-Zimmerwohnung mit Balkon in Bregenz;€ 610;1 Zimmer;30 m;Bregenz;Bregenz;None
Gemütliche, zentrumsnahe 1-Zimmerwohnung mit Balkon in Bregenz;€ 610;1 Zimmer;30 m;Bregenz;Bregenz;None
Gemütliche 2,5-Zimmerwohnung in ruhiger Lage in Feldkirch zu vermieten (verfügbar ab 01.08.2022);€ 795;2,5 Zimmer;48 m;Feldkirch;Feldkirch;None
Gemütliche 2,5-Zimmerwohnung in ruhiger Lage in Feldkirch zu vermieten (verfügbar ab 01.08.2022);€ 795;2,5 Zimmer;48 m;Feldkirch;Feldkirch;None
Ruhig gelegene 2-Zimmerwohnung in Kleinwohnanlage mit großzügigem Balkon (ab 01.09.2022);€ 898;2 Zimmer;54 m;Feldkirch;Feldkirch;None
Ruhig gelegene 2-Zimmerwohnung in Kleinwohnanlage mit großzügigem Balkon (ab 01.09.2022);€ 898;2 Zimmer;54 m;Feldkirch;Feldkirch;None
Zentral gelegene Zwei-Zimmerwohnung in Lustenau - ideal für Grenzgänger (verfügbar ab September 2022);€ 851;2 Zimmer;52 m;Dornbirn;Lustenau;None
Zentral gelegene Zwei-Zimmerwohnung in Lustenau - ideal für Grenzgänger (verfügbar ab September 2022);€ 851;2 Zimmer;52 m;Dornbirn;Lustenau;None
Gemütliche 1-Zimmerwohnung mit Balkon in Höchst;€ 613;N/A;30,52 m;Bregenz;Höchst;None
Gemütliche 1-Zimmerwohnung mit Balkon in Höchst;€ 613;N/A;30,52 m;Bregenz;Höchst;None
2,5-Zimmerwohnung direkt am See in Lochau (verfügbar ab 01.09.2022);€ 955;2 Zimmer;62,48 m;Bregenz;Lochau;None
2,5-Zimmerwohnung direkt am See in Lochau (verfügbar ab 01.09.2022);€ 955;2 Zimmer;62,48 m;Bregenz;Lochau;None
None;None;None;None;None;None;None
None;None;None;None;None;None;None
None;None;None;None;None;None;None
None;None;None;None;None;None;None
Vollmöblierte 2-Zimmer Wohnung zu vermieten;€ 700;2 Zimmer;25,68 m;Bregenz;Lauterach; , Unterfeldstraße 31 
Vollmöblierte 2-Zimmer Wohnung zu vermieten;€ 700;2 Zimmer;25,68 m;Bregenz;Lauterach; , Unterfeldstraße 31 
Hochwertig ausgestattete 2-Zimmer Wohnung zu vermieten;€ 733;2 Zimmer;25,68 m;Bregenz;Lauterach; , Unterfeldstraße 31 
Hochwertig ausgestattete 2-Zimmer Wohnung zu vermieten;€ 733;2 Zimmer;25,68 m;Bregenz;Lauterach; , Unterfeldstraße 31 
Neue und exklusive 2-Zimmer Wohnung zu vermieten;€ 733;2 Zimmer;25,97 m;Bregenz;Lauterach; , Unterfeldstraße 31 
Neue und exklusive 2-Zimmer Wohnung zu vermieten;€ 733;2 Zimmer;25,97 m;Bregenz;Lauterach; , Unterfeldstraße 31 
None;None;None;None;None;None;None
None;None;None;None;None;None;None
Neue und hochwertige 2-Zimmer Wohnung zu vermieten;€ 678;2 Zimmer;25,68 m;Bregenz;Lauterach; , Unterfeldstraße 31 
Neue und hochwertige 2-Zimmer Wohnung zu vermieten;€ 678;2 Zimmer;25,68 m;Bregenz;Lauterach; , Unterfeldstraße 31 
Neue und exklusive 2-Zimmer Wohnung zu vermieten;€ 689;2 Zimmer;25,68 m;Bregenz;Lauterach; , Unterfeldstraße 31 
Neue und exklusive 2-Zimmer Wohnung zu vermieten;€ 689;2 Zimmer;25,68 m;Bregenz;Lauterach; , Unterfeldstraße 31 
None;None;None;None;None;None;None
None;None;None;None;None;None;None
Hochwertig ausgestattete 2-Zimmer Wohnung zu vermieten;€ 656;2 Zimmer;25,68 m;Bregenz;Lauterach; , Unterfeldstraße 31 
Hochwertig ausgestattete 2-Zimmer Wohnung zu vermieten;€ 656;2 Zimmer;25,68 m;Bregenz;Lauterach; , Unterfeldstraße 31 
Neue 2-Zimmer Wohnung zu vermieten;€ 656;2 Zimmer;25,68 m;Bregenz;Lauterach; , Unterfeldstraße 31 
Neue 2-Zimmer Wohnung zu vermieten;€ 656;2 Zimmer;25,68 m;Bregenz;Lauterach; , Unterfeldstraße 31 
Moderne 2-Zimmer Wohnung zu vermieten;€ 689;2 Zimmer;25,97 m;Bregenz;Lauterach; , Unterfeldstraße 31 
Moderne 2-Zimmer Wohnung zu vermieten;€ 689;2 Zimmer;25,97 m;Bregenz;Lauterach; , Unterfeldstraße 31 
Vollmöblierte 2-Zimmer Wohnung zu vermieten;€ 656;2 Zimmer;25,68 m;Bregenz;Lauterach; , Unterfeldstraße 31 
Vollmöblierte 2-Zimmer Wohnung zu vermieten;€ 656;2 Zimmer;25,68 m;Bregenz;Lauterach; , Unterfeldstraße 31 
Zentral gelegene 2-Zimmerwohnung in Götzis zu vermieten!;€ 849;2 Zimmer;69,6 m;Feldkirch;Götzis; , Gartenstraße 18 
Zentral gelegene 2-Zimmerwohnung in Götzis zu vermieten!;€ 849;2 Zimmer;69,6 m;Feldkirch;Götzis; , Gartenstraße 18 
Moderne, zentrale 2-Zimmerwohnung mit Balkon in Feldkirch zu vermieten!;€ 850;2 Zimmer;47,35 m;Feldkirch;Feldkirch; , Waldfriedgasse 10 
Moderne, zentrale 2-Zimmerwohnung mit Balkon in Feldkirch zu vermieten!;€ 850;2 Zimmer;47,35 m;Feldkirch;Feldkirch; , Waldfriedgasse 10 
Teilrenovierte 3-Zimmer-Terrassenwohnung im 1.OG + Gartenanteil ca. 90m2 - in Feldkirch/Altenstadt;€ 1.120;3 Zimmer;87 m;Feldkirch;Feldkirch; , Feldkreuzweg 6a 
Teilrenovierte 3-Zimmer-Terrassenwohnung im 1.OG + Gartenanteil ca. 90m2 - in Feldkirch/Altenstadt;€ 1.120;3 Zimmer;87 m;Feldkirch;Feldkirch; , Feldkreuzweg 6a 
Tolle, möblierte 3-Zimmerwohnung mit Balkon in Feldkirch-Tisis;€ 1.039;3 Zimmer;82,68 m;Feldkirch;Feldkirch; , Feldweg 34 
Tolle, möblierte 3-Zimmerwohnung mit Balkon in Feldkirch-Tisis;€ 1.039;3 Zimmer;82,68 m;Feldkirch;Feldkirch; , Feldweg 34 
Tolle 3-Zimmerwohnungen in der UNION;€ 1.018;3 Zimmer;65 m;Dornbirn;Lustenau; , Reichsstraße 4+4a 
Tolle 3-Zimmerwohnungen in der UNION;€ 1.018;3 Zimmer;65 m;Dornbirn;Lustenau; , Reichsstraße 4+4a 
3 Zimmer Wohnung in Kennelbach zu vermieten;€ 815;3 Zimmer;68 m;Bregenz;Kennelbach;None
3 Zimmer Wohnung in Kennelbach zu vermieten;€ 815;3 Zimmer;68 m;Bregenz;Kennelbach;None
Wohnen in der City - 2 Zimmer Wohnung in Bregenz zu vermieten;€ 819;2 Zimmer;57 m;Bregenz;Bregenz;None
Wohnen in der City - 2 Zimmer Wohnung in Bregenz zu vermieten;€ 819;2 Zimmer;57 m;Bregenz;Bregenz;None
Wohnen wo andere Urlaub machen - 2 Zimmer Gartenwohnung in Wald am Arlberg zu vermieten;€ 635,50;2 Zimmer;46,93 m;Bludenz;Dalaas;None
Wohnen wo andere Urlaub machen - 2 Zimmer Gartenwohnung in Wald am Arlberg zu vermieten;€ 635,50;2 Zimmer;46,93 m;Bludenz;Dalaas;None
None;None;None;None;None;None;None
None;None;None;None;None;None;None
None;None;None;None;None;None;None
None;None;None;None;None;None;None
Wohnen in der Oberstadt in Bregenz - 3 Zimmer Wohnung zu vermieten;€ 1.036,69;3 Zimmer;80 m;Bregenz;Bregenz;None
Wohnen in der Oberstadt in Bregenz - 3 Zimmer Wohnung zu vermieten;€ 1.036,69;3 Zimmer;80 m;Bregenz;Bregenz;None
Penthouse in exklusiver Lage mit grosser Terrasse in Feldkirch zu vermieten;€ 1.575;2 Zimmer;83,77 m;Feldkirch;Feldkirch;None
Penthouse in exklusiver Lage mit grosser Terrasse in Feldkirch zu vermieten;€ 1.575;2 Zimmer;83,77 m;Feldkirch;Feldkirch;None
Loft-Apartment mitten in Dornbirn zu vermieten;€ 780;1 Zimmer;35,91 m;Dornbirn;Dornbirn;None
Loft-Apartment mitten in Dornbirn zu vermieten;€ 780;1 Zimmer;35,91 m;Dornbirn;Dornbirn;None
Sehr schöne 3-Zimmer-Terrassenwohnung W05 in Wolfurt - ERSTBEZUG!;€ 1.438;3 Zimmer;82,84 m;Bregenz;Wolfurt; , Unterlinden 21 
Sehr schöne 3-Zimmer-Terrassenwohnung W05 in Wolfurt - ERSTBEZUG!;€ 1.438;3 Zimmer;82,84 m;Bregenz;Wolfurt; , Unterlinden 21 
Grosszügige 3 Zimmerwohnung in Bregenz zu vermieten;Preis auf Anfrage;3 Zimmer;120,45 m;Bregenz;Bregenz; , Kaisermannstraße 6 
Grosszügige 3 Zimmerwohnung in Bregenz zu vermieten;Preis auf Anfrage;3 Zimmer;120,45 m;Bregenz;Bregenz; , Kaisermannstraße 6 
Stylische 4-Zi-Romantikwohnung mit Süd-West-Terrasse;€ 1.760;4 Zimmer;92,68 m;Feldkirch;Feldkirch; , Egelseestraße 61 
Stylische 4-Zi-Romantikwohnung mit Süd-West-Terrasse;€ 1.760;4 Zimmer;92,68 m;Feldkirch;Feldkirch; , Egelseestraße 61 
Helle 4 Zimmer Wohnung in bester Lage von Dornbirn;€ 1.099;4 Zimmer;70,36 m;Dornbirn;Dornbirn; , Langegasse 9b 
Helle 4 Zimmer Wohnung in bester Lage von Dornbirn;€ 1.099;4 Zimmer;70,36 m;Dornbirn;Dornbirn; , Langegasse 9b 
2 Zi. Starterwohnung in prominenter Lage zur Miete;€ 932,11;2 Zimmer;59,05 m;Bregenz;Bregenz; , Seestraße 9 
2 Zi. Starterwohnung in prominenter Lage zur Miete;€ 932,11;2 Zimmer;59,05 m;Bregenz;Bregenz; , Seestraße 9 
Stylische 2 Zi. Dachgeschosswohnung mitten in Bregenz zu mieten;€ 1.129;2 Zimmer;59,19 m;Bregenz;Bregenz; , Anton-Schneider-Straße 2 
Stylische 2 Zi. Dachgeschosswohnung mitten in Bregenz zu mieten;€ 1.129;2 Zimmer;59,19 m;Bregenz;Bregenz; , Anton-Schneider-Straße 2 
Großzügige 4 Zi. Stadtwohnung an der Fußgängerzone zur Miete;€ 1.852,08;4 Zimmer;103,45 m;Bregenz;Bregenz; , Anton-Schneider-Straße 2 
Großzügige 4 Zi. Stadtwohnung an der Fußgängerzone zur Miete;€ 1.852,08;4 Zimmer;103,45 m;Bregenz;Bregenz; , Anton-Schneider-Straße 2 
Zentraler geht es nicht - tolle Stadtwohnung mitten in Bregenz auf 2 Ebenen;Preis auf Anfrage;3 Zimmer;140,9 m;Bregenz;Bregenz;None
Zentraler geht es nicht - tolle Stadtwohnung mitten in Bregenz auf 2 Ebenen;Preis auf Anfrage;3 Zimmer;140,9 m;Bregenz;Bregenz;None
Mitten in der City - 2 Zi Wohnung zur Miete;€ 897,35;2 Zimmer;72,9 m;Bregenz;Bregenz; , Kaspar-Hagen-Straße 2a 
Mitten in der City - 2 Zi Wohnung zur Miete;€ 897,35;2 Zimmer;72,9 m;Bregenz;Bregenz; , Kaspar-Hagen-Straße 2a 
Exclusive 4-Zimmer-Wohnung in Dornbirn (Bj. 2021);€ 1.574;N/A;96,56 m;Dornbirn;Dornbirn; , Wichnerstraße 33 
Exclusive 4-Zimmer-Wohnung in Dornbirn (Bj. 2021);€ 1.574;N/A;96,56 m;Dornbirn;Dornbirn; , Wichnerstraße 33 
Erstbezug! Neue 2-Zimmer-Wohnung (Top 01) inkl. privatem Gartenanteil & TG, Feldkirch Altenstadt;€ 770;2 Zimmer;43,43 m;Feldkirch;Feldkirch; , Am Mühlbach 6 
Erstbezug! Neue 2-Zimmer-Wohnung (Top 01) inkl. privatem Gartenanteil & TG, Feldkirch Altenstadt;€ 770;2 Zimmer;43,43 m;Feldkirch;Feldkirch; , Am Mühlbach 6 
Erstbezug! Neue 2-Zimmer-Wohnung (Top 24) mit Balkon, TG und privatem Gartenanteil, Feldkirch Altenstadt;€ 929;2 Zimmer;51,05 m;Feldkirch;Feldkirch; , Am Mühlbach 6 
Erstbezug! Neue 2-Zimmer-Wohnung (Top 24) mit Balkon, TG und privatem Gartenanteil, Feldkirch Altenstadt;€ 929;2 Zimmer;51,05 m;Feldkirch;Feldkirch; , Am Mühlbach 6 
Erstbezug! Neue 2-Zimmer-Wohnung (Top 16) mit Balkon, TG und privatem Gartenanteil, Feldkirch Altenstadt;€ 923;2 Zimmer;50,96 m;Feldkirch;Feldkirch; , Am Mühlbach 6 
Erstbezug! Neue 2-Zimmer-Wohnung (Top 16) mit Balkon, TG und privatem Gartenanteil, Feldkirch Altenstadt;€ 923;2 Zimmer;50,96 m;Feldkirch;Feldkirch; , Am Mühlbach 6 
ATTRAKTIVE STADTWOHNUNG IN BREGENZ;€ 1.320;3 Zimmer;75 m;Bregenz;Bregenz; , St. Anna-Straße 7 
ATTRAKTIVE STADTWOHNUNG IN BREGENZ;€ 1.320;3 Zimmer;75 m;Bregenz;Bregenz; , St. Anna-Straße 7 
FEEL GOOD - WOHNEN IN SPITZENLAGE;€ 960;N/A;51 m;Bregenz;Bregenz; , Plattenstraße 2 
FEEL GOOD - WOHNEN IN SPITZENLAGE;€ 960;N/A;51 m;Bregenz;Bregenz; , Plattenstraße 2 
wunderschöne 2 Zimmerwohnung in Feldkirch;€ 895;2 Zimmer;50 m;Feldkirch;Feldkirch; , Bürgergasse 16 
wunderschöne 2 Zimmerwohnung in Feldkirch;€ 895;2 Zimmer;50 m;Feldkirch;Feldkirch; , Bürgergasse 16 
schöne 3 Zimmer-Wohnung in Nenzing;€ 1.085;3 Zimmer;70 m;Bludenz;Nenzing; , Ramschwagstraße 28 
schöne 3 Zimmer-Wohnung in Nenzing;€ 1.085;3 Zimmer;70 m;Bludenz;Nenzing; , Ramschwagstraße 28 
wunderschöne 2 Zimmer-Gartenwohnung;€ 925;2 Zimmer;50 m;Feldkirch;Frastanz; , Fellengattnerstraße 46 
wunderschöne 2 Zimmer-Gartenwohnung;€ 925;2 Zimmer;50 m;Feldkirch;Frastanz; , Fellengattnerstraße 46 
Exklusiv teil-möblierte 4-Zimmerwohnung in Dornbirn;€ 2.198;4 Zimmer;118 m;Dornbirn;Dornbirn; , Schmelzhütterstraße 16 
Exklusiv teil-möblierte 4-Zimmerwohnung in Dornbirn;€ 2.198;4 Zimmer;118 m;Dornbirn;Dornbirn; , Schmelzhütterstraße 16 
None;None;None;None;None;None;None
None;None;None;None;None;None;None
Helle 3 Zimmer Wohnung in Feldkirch;€ 955;N/A;73 m;Feldkirch;Feldkirch; , Liechtensteiner Strasse 3 
Helle 3 Zimmer Wohnung in Feldkirch;€ 955;N/A;73 m;Feldkirch;Feldkirch; , Liechtensteiner Strasse 3 
Neuheit in Lochau - 3-Zimmerwohnung im 1.OG - ohne Maklergebühr;€ 1.375;3 Zimmer;76,7 m;Bregenz;Lochau; , Erlenstraße 6a  
Neuheit in Lochau - 3-Zimmerwohnung im 1.OG - ohne Maklergebühr;€ 1.375;3 Zimmer;76,7 m;Bregenz;Lochau; , Erlenstraße 6a  
None;None;None;None;None;None;None
None;None;None;None;None;None;None
große 3-Zimmerwohnung im 1.OG - ohne Maklergebühr;€ 1.398;3 Zimmer;77,04 m;Feldkirch;Röthis; , Torkelweg 1 
große 3-Zimmerwohnung im 1.OG - ohne Maklergebühr;€ 1.398;3 Zimmer;77,04 m;Feldkirch;Röthis; , Torkelweg 1 
None;None;None;None;None;None;None
None;None;None;None;None;None;None
Großzügige 3-Zimmer-Gartenwohnung in Schwarzach;€ 1.500,40;3 Zimmer;105,84 m;Bregenz;Schwarzach; , Im Weingarten 
Großzügige 3-Zimmer-Gartenwohnung in Schwarzach;€ 1.500,40;3 Zimmer;105,84 m;Bregenz;Schwarzach; , Im Weingarten 
NEUBAU/ERSTBEZUG: 3-Zimmerwohnung in Dornbirn;€ 1.293,30;N/A;71,85 m;Dornbirn;Dornbirn; , Mühlebacherstraße 
NEUBAU/ERSTBEZUG: 3-Zimmerwohnung in Dornbirn;€ 1.293,30;N/A;71,85 m;Dornbirn;Dornbirn; , Mühlebacherstraße 
None;None;None;None;None;None;None
None;None;None;None;None;None;None
NEUBAU: 3-Zimmerwohnung in Frastanz zu vermieten;€ 1.247;N/A;70,46 m;Feldkirch;Frastanz; , Hauptmann-Frick-Straße 
NEUBAU: 3-Zimmerwohnung in Frastanz zu vermieten;€ 1.247;N/A;70,46 m;Feldkirch;Frastanz; , Hauptmann-Frick-Straße 
None;None;None;None;None;None;None
None;None;None;None;None;None;None
None;None;None;None;None;None;None
None;None;None;None;None;None;None
None;None;None;None;None;None;None
None;None;None;None;None;None;None
None;None;None;None;None;None;None
None;None;None;None;None;None;None
None;None;None;None;None;None;None
None;None;None;None;None;None;None
Exklusive 2-Zimmer-Terrassenwohnung in Dornbirn;€ 995,40;2 Zimmer;50,38 m;Dornbirn;Dornbirn; , Sandgasse 
Exklusive 2-Zimmer-Terrassenwohnung in Dornbirn;€ 995,40;2 Zimmer;50,38 m;Dornbirn;Dornbirn; , Sandgasse 
Tolle 4-Zimmer-Wohnung in Lustenau;€ 1.076,30;N/A;82,04 m;Dornbirn;Lustenau; , Schillerstraße 
Tolle 4-Zimmer-Wohnung in Lustenau;€ 1.076,30;N/A;82,04 m;Dornbirn;Lustenau; , Schillerstraße 
Einzigartige Wohnung für einzigartige Mieter;€ 1.395;N/A;115 m;Feldkirch;Götzis;None
Einzigartige Wohnung für einzigartige Mieter;€ 1.395;N/A;115 m;Feldkirch;Götzis;None
4 Zimmerwohnung in Schruns;€ 1.080;N/A;98 m;Bludenz;Schruns; , Wagenweg 4 
4 Zimmerwohnung in Schruns;€ 1.080;N/A;98 m;Bludenz;Schruns; , Wagenweg 4 
ERSTBEZUG 2-Zimmer-Wohnung Koblach Zentrum provisionsfrei - Privatvermietung!;€ 750;N/A;50 m;Feldkirch;Koblach; , Werben 2a 
ERSTBEZUG 2-Zimmer-Wohnung Koblach Zentrum provisionsfrei - Privatvermietung!;€ 750;N/A;50 m;Feldkirch;Koblach; , Werben 2a 
None;None;None;None;None;None;None
None;None;None;None;None;None;None
None;None;None;None;None;None;None
None;None;None;None;None;None;None
Tolle 2-Zimmeraltbauwohnung in der Feldkircher Stadt zu vermieten!;€ 675;2 Zimmer;44,11 m;Feldkirch;Feldkirch; , Liechtensteinerstraße 1 
Tolle 2-Zimmeraltbauwohnung in der Feldkircher Stadt zu vermieten!;€ 675;2 Zimmer;44,11 m;Feldkirch;Feldkirch; , Liechtensteinerstraße 1 
None;None;None;None;None;None;None
None;None;None;None;None;None;None
*sehr grenznah* Moderne 3-Zimmerwohnung in Feldkirch-Tisis zu vermieten!;€ 1.300;3 Zimmer;80,91 m;Feldkirch;Feldkirch; , Dr.-Isa-Großschädl-Weg 4 
*sehr grenznah* Moderne 3-Zimmerwohnung in Feldkirch-Tisis zu vermieten!;€ 1.300;3 Zimmer;80,91 m;Feldkirch;Feldkirch; , Dr.-Isa-Großschädl-Weg 4 
*Klein aber fein* 3-Zimmergartenwohnung in Feldkirch-Tosters zu vermieten!;€ 995;3 Zimmer;59,68 m;Feldkirch;Feldkirch; , Schännisstraße 10 
*Klein aber fein* 3-Zimmergartenwohnung in Feldkirch-Tosters zu vermieten!;€ 995;3 Zimmer;59,68 m;Feldkirch;Feldkirch; , Schännisstraße 10 
Zentrale, helle Wohnung mit Charakter in Klaus;€ 820;3,5 Zimmer;70 m;Feldkirch;Klaus; , Walgaustraße 49b 
Zentrale, helle Wohnung mit Charakter in Klaus;€ 820;3,5 Zimmer;70 m;Feldkirch;Klaus; , Walgaustraße 49b 
Microliving mit CoWorking, Lounge und Panorama-Dachterrasse (Erstbezug);€ 644;2 Zimmer;25 m;Dornbirn;Dornbirn; , Wallenmahd 16 
Microliving mit CoWorking, Lounge und Panorama-Dachterrasse (Erstbezug);€ 644;2 Zimmer;25 m;Dornbirn;Dornbirn; , Wallenmahd 16 
Klein aber fein - 2-Zimmerwohnung in der Feldkircher Stadt zu vermieten!;€ 575;2 Zimmer;34,45 m;Feldkirch;Feldkirch; , Mühletorplatz 4 
Klein aber fein - 2-Zimmerwohnung in der Feldkircher Stadt zu vermieten!;€ 575;2 Zimmer;34,45 m;Feldkirch;Feldkirch; , Mühletorplatz 4 
Kombination Büro-Wohnung (Top B4) im Zentrum von Thüringen;€ 748;2 Zimmer;48 m;Bludenz;Thüringen;  , Walgaustraße 18 
Kombination Büro-Wohnung (Top B4) im Zentrum von Thüringen;€ 748;2 Zimmer;48 m;Bludenz;Thüringen;  , Walgaustraße 18 
None;None;None;None;None;None;None
None;None;None;None;None;None;None
Große, kreativ gestaltete Dachgeschosswohnung in Meinigen (Grenznähe) zu vermieten!;Preis auf Anfrage;4 Zimmer;160 m;Feldkirch;Meiningen; , Altenauweg 6 
Große, kreativ gestaltete Dachgeschosswohnung in Meinigen (Grenznähe) zu vermieten!;Preis auf Anfrage;4 Zimmer;160 m;Feldkirch;Meiningen; , Altenauweg 6 
Hochwertige 2-Zimmer-Gartenwohnung in Feldkirch zu vermieten;€ 976,18;2 Zimmer;57,07 m;Feldkirch;Feldkirch; , Alter Kirchweg 
Hochwertige 2-Zimmer-Gartenwohnung in Feldkirch zu vermieten;€ 976,18;2 Zimmer;57,07 m;Feldkirch;Feldkirch; , Alter Kirchweg 
Attraktive 3 Zimmer Wohnung | ruhige Lage in Egg-Großdorf;€ 1.136;3 Zimmer;71 m;Bregenz;Egg; , Dorf 172 Top 6 
Attraktive 3 Zimmer Wohnung | ruhige Lage in Egg-Großdorf;€ 1.136;3 Zimmer;71 m;Bregenz;Egg; , Dorf 172 Top 6 
None;None;None;None;None;None;None
None;None;None;None;None;None;None
2 Zimmer Terrassenwohnung in zentraler Lage, Stadt Feldkirch;€ 1.079,39;2 Zimmer;65,6 m;Feldkirch;Feldkirch; , Am Jahnplatz 1, Top 21 
2 Zimmer Terrassenwohnung in zentraler Lage, Stadt Feldkirch;€ 1.079,39;2 Zimmer;65,6 m;Feldkirch;Feldkirch; , Am Jahnplatz 1, Top 21 
Neue 2 Zimmer Innenstadtwohnung in zentraler & ruhiger Lage in Dornbirn;€ 1.039;2 Zimmer;54,6 m;Dornbirn;Dornbirn; , Markstraße 55, Top 4 
Neue 2 Zimmer Innenstadtwohnung in zentraler & ruhiger Lage in Dornbirn;€ 1.039;2 Zimmer;54,6 m;Dornbirn;Dornbirn; , Markstraße 55, Top 4 
2-Zimmer-Wohnung mit Garten | Zentrumsnah in Dornbirn | Top B01;€ 1.156;2 Zimmer;59,3 m;Dornbirn;Dornbirn; , Schillerstraße 23 
2-Zimmer-Wohnung mit Garten | Zentrumsnah in Dornbirn | Top B01;€ 1.156;2 Zimmer;59,3 m;Dornbirn;Dornbirn; , Schillerstraße 23 
2-Zimmer-Wohnung im 3. Obergeschoss | Zentrumsnah in Dornbirn | Top A08;€ 1.198;2 Zimmer;59,5 m;Dornbirn;Dornbirn; , Schillerstraße 23a 
2-Zimmer-Wohnung im 3. Obergeschoss | Zentrumsnah in Dornbirn | Top A08;€ 1.198;2 Zimmer;59,5 m;Dornbirn;Dornbirn; , Schillerstraße 23a 
2 Zimmer Mietwohnung in zentraler Lage, Stadt Feldkirch;€ 1.001,51;2 Zimmer;64,9 m;Feldkirch;Feldkirch; , Jahnplatz 1, Top 9 
2 Zimmer Mietwohnung in zentraler Lage, Stadt Feldkirch;€ 1.001,51;2 Zimmer;64,9 m;Feldkirch;Feldkirch; , Jahnplatz 1, Top 9 
3 Zimmer Wohnung in zentraler Lage, Stadt Feldkirch;€ 1.283,51;3 Zimmer;77,68 m;Feldkirch;Feldkirch; , Am Jahnplatz 1, Top 17 
3 Zimmer Wohnung in zentraler Lage, Stadt Feldkirch;€ 1.283,51;3 Zimmer;77,68 m;Feldkirch;Feldkirch; , Am Jahnplatz 1, Top 17 
2 Zimmer Wohnung in zentraler Lage, Stadt Feldkirch;€ 928,51;2 Zimmer;55,98 m;Feldkirch;Feldkirch; , Am Jahnplatz 1, Top 22 
2 Zimmer Wohnung in zentraler Lage, Stadt Feldkirch;€ 928,51;2 Zimmer;55,98 m;Feldkirch;Feldkirch; , Am Jahnplatz 1, Top 22 
3 Zimmer Wohnung in zentraler Lage und Stadtnähe Feldkirch;€ 1.113,10;3 Zimmer;68,79 m;Feldkirch;Feldkirch; , Wichnergasse 5 Top 10 
3 Zimmer Wohnung in zentraler Lage und Stadtnähe Feldkirch;€ 1.113,10;3 Zimmer;68,79 m;Feldkirch;Feldkirch; , Wichnergasse 5 Top 10 
2 Zimmer Mietwohnung in zentraler Lage, Stadt Feldkirch;€ 985;2 Zimmer;50,6 m;Feldkirch;Feldkirch; , Am Jahnplatz 1, Top 13 
2 Zimmer Mietwohnung in zentraler Lage, Stadt Feldkirch;€ 985;2 Zimmer;50,6 m;Feldkirch;Feldkirch; , Am Jahnplatz 1, Top 13 
3 Zimmer Wohnung | ruhige Lage in Stadt- und Grenznähe Feldkirch;€ 1.190;3 Zimmer;67,8 m;Feldkirch;Feldkirch; , Dorfstraße 9 Top B04 
3 Zimmer Wohnung | ruhige Lage in Stadt- und Grenznähe Feldkirch;€ 1.190;3 Zimmer;67,8 m;Feldkirch;Feldkirch; , Dorfstraße 9 Top B04 
Nette 2-Zimmerwohnung mit kleinem Garten in Bregenz zu vermieten!;€ 900;2 Zimmer;52,6 m;Bregenz;Bregenz; , Wuhrbaumweg 1 
Nette 2-Zimmerwohnung mit kleinem Garten in Bregenz zu vermieten!;€ 900;2 Zimmer;52,6 m;Bregenz;Bregenz; , Wuhrbaumweg 1 
*sehr grenznah* 3-Zimmerwohnung in Feldkirch-Tisis zu vermieten!;€ 1.075;3 Zimmer;73,58 m;Feldkirch;Feldkirch; , Grißstraße 52 
*sehr grenznah* 3-Zimmerwohnung in Feldkirch-Tisis zu vermieten!;€ 1.075;3 Zimmer;73,58 m;Feldkirch;Feldkirch; , Grißstraße 52 
Gemütliche 4,5 Zimmer Gartenwohnung;€ 1.300;N/A;86 m;Bludenz;Bludesch; , Thomasweg 7b 
Gemütliche 4,5 Zimmer Gartenwohnung;€ 1.300;N/A;86 m;Bludenz;Bludesch; , Thomasweg 7b 
Gemütliche 3,5 Zimmer Wohnung in Bludesch;€ 1.100;N/A;75 m;Bludenz;Bludesch; , Thomasweg 
Gemütliche 3,5 Zimmer Wohnung in Bludesch;€ 1.100;N/A;75 m;Bludenz;Bludesch; , Thomasweg 
Zentral gelegene Mietwohnung in Frastanz;€ 1.221;3 Zimmer;65 m;Feldkirch;Frastanz;None
Zentral gelegene Mietwohnung in Frastanz;€ 1.221;3 Zimmer;65 m;Feldkirch;Frastanz;None
None;None;None;None;None;None;None
None;None;None;None;None;None;None
Moderne 2 Zimmerwohnung mit großzügiger Terrasse;€ 904,29;N/A;55,17 m;Bregenz;Höchst; , Im Dorf 10 
Moderne 2 Zimmerwohnung mit großzügiger Terrasse;€ 904,29;N/A;55,17 m;Bregenz;Höchst; , Im Dorf 10 
Lichtdurchflutete und ruhig gelegene 3 Zimmer-Wohnung;€ 1.105;N/A;84,54 m;Bregenz;Fußach; , Buchenweg 
Lichtdurchflutete und ruhig gelegene 3 Zimmer-Wohnung;€ 1.105;N/A;84,54 m;Bregenz;Fußach; , Buchenweg 
None;None;None;None;None;None;None
None;None;None;None;None;None;None
Renovierte 3 1/2-Zimmer-Wohnung in charmantem Altbau;€ 1.263;3,5 Zimmer;100 m;Dornbirn;Dornbirn; , Riedgasse 10a 
Renovierte 3 1/2-Zimmer-Wohnung in charmantem Altbau;€ 1.263;3,5 Zimmer;100 m;Dornbirn;Dornbirn; , Riedgasse 10a 
2-Zimmerwohnung zu vermieten;€ 850;2 Zimmer;56 m;Bludenz;Bludenz; , Fohrenburgstraße 12 
2-Zimmerwohnung zu vermieten;€ 850;2 Zimmer;56 m;Bludenz;Bludenz; , Fohrenburgstraße 12 
2-Zimmerwohnung zu vermieten;€ 795;2 Zimmer;55 m;Bludenz;Bludenz; , St. Antoniusstraße 36 
2-Zimmerwohnung zu vermieten;€ 795;2 Zimmer;55 m;Bludenz;Bludenz; , St. Antoniusstraße 36 
sonnige 4,5-Zimmermietwohnung;€ 1.250;4,5 Zimmer;94 m;Bludenz;Bludenz; , Gilmstraße 24a 
sonnige 4,5-Zimmermietwohnung;€ 1.250;4,5 Zimmer;94 m;Bludenz;Bludenz; , Gilmstraße 24a 
Wohnung mit Flair zu vermieten;€ 915;1 Zimmer;53 m;Bludenz;Bludenz; , Rathausgasse 1 
Wohnung mit Flair zu vermieten;€ 915;1 Zimmer;53 m;Bludenz;Bludenz; , Rathausgasse 1 
Zentrale 2-Zimmerwohnung in der Innenstadt;€ 1.171;2 Zimmer;74 m;Bludenz;Bludenz; , Rathausgasse 1 
Zentrale 2-Zimmerwohnung in der Innenstadt;€ 1.171;2 Zimmer;74 m;Bludenz;Bludenz; , Rathausgasse 1 
Tolle Wohnung - Innenstadtlage;€ 897,35;2 Zimmer;72,9 m;Bregenz;Bregenz;None
Tolle Wohnung - Innenstadtlage;€ 897,35;2 Zimmer;72,9 m;Bregenz;Bregenz;None
3-Zimmer-Wohnung mit Balkon in Rankweil;€ 1.280;N/A;76 m;Feldkirch;Rankweil;  , Hans-Frick-Weg 12 
3-Zimmer-Wohnung mit Balkon in Rankweil;€ 1.280;N/A;76 m;Feldkirch;Rankweil;  , Hans-Frick-Weg 12 
2 Zimmer Gartenwohnung;€ 900;2 Zimmer;50,79 m;Dornbirn;Dornbirn; , Brunnengasse 12s 
2 Zimmer Gartenwohnung;€ 900;2 Zimmer;50,79 m;Dornbirn;Dornbirn; , Brunnengasse 12s 
Gemütliche und Rustikale 3-Zimmer-Wohnung in Altach;€ 896,76;2 Zimmer;77,11 m;Feldkirch;Altach; , Bauern 51 
Gemütliche und Rustikale 3-Zimmer-Wohnung in Altach;€ 896,76;2 Zimmer;77,11 m;Feldkirch;Altach; , Bauern 51 
201843 - Haus am Winzersteig - 3-Zimmerwohnung - Top 3;€ 1.155;3 Zimmer;66 m;Feldkirch;Sulz; , Müsinenstraße 12 
201843 - Haus am Winzersteig - 3-Zimmerwohnung - Top 3;€ 1.155;3 Zimmer;66 m;Feldkirch;Sulz; , Müsinenstraße 12 
Floras Garten - 3-Zimmerwohnung - Haus Salvia - Top 6;€ 1.325,14;3 Zimmer;77,2 m;Bregenz;Lochau; , Toni-Russ-Straße 8 
Floras Garten - 3-Zimmerwohnung - Haus Salvia - Top 6;€ 1.325,14;3 Zimmer;77,2 m;Bregenz;Lochau; , Toni-Russ-Straße 8 
Floras Garten - 3-Zimmer-Terrassenwohnung - Haus Achillea - Top 5;€ 1.313,36;3 Zimmer;75 m;Bregenz;Lochau; , Toni-Russ-Straße 8 
Floras Garten - 3-Zimmer-Terrassenwohnung - Haus Achillea - Top 5;€ 1.313,36;3 Zimmer;75 m;Bregenz;Lochau; , Toni-Russ-Straße 8 
None;None;None;None;None;None;None
None;None;None;None;None;None;None
4-Zimmer Wohnung in sonniger ruhiger Lage;€ 1.414,60;N/A;94,46 m;Feldkirch;Rankweil; , Stiegstraße 13a 
4-Zimmer Wohnung in sonniger ruhiger Lage;€ 1.414,60;N/A;94,46 m;Feldkirch;Rankweil; , Stiegstraße 13a 
Schöne 2-Zimmerwohnung mit Terrasse zu vermieten;€ 1.059,50;2 Zimmer;51,5 m;Dornbirn;Dornbirn;None
Schöne 2-Zimmerwohnung mit Terrasse zu vermieten;€ 1.059,50;2 Zimmer;51,5 m;Dornbirn;Dornbirn;None
Preiswerte 2 ½ - Zimmer - Dachgeschosswohnung in Hohenems zu mieten!;€ 850;2,5 Zimmer;60 m;Dornbirn;Hohenems; , Franz-Michael-Felder Straße 2 
Preiswerte 2 ½ - Zimmer - Dachgeschosswohnung in Hohenems zu mieten!;€ 850;2,5 Zimmer;60 m;Dornbirn;Hohenems; , Franz-Michael-Felder Straße 2 
Exklusives Wohnen auf der Letze in Feldkirch;€ 2.453;4 Zimmer;134 m;Feldkirch;Feldkirch; , Vogelbühel 11 
Exklusives Wohnen auf der Letze in Feldkirch;€ 2.453;4 Zimmer;134 m;Feldkirch;Feldkirch; , Vogelbühel 11 
Schöne 3-Zimmerwohnung mit toller Aussicht in Tisis zu vermieten;€ 1.098,82;3 Zimmer;74 m;Feldkirch;Feldkirch;None
Schöne 3-Zimmerwohnung mit toller Aussicht in Tisis zu vermieten;€ 1.098,82;3 Zimmer;74 m;Feldkirch;Feldkirch;None
PLACE TO BE - Wohnen in der Bahnhofcity Feldkirch / 2 Zimmerwohnung Top 55;€ 899;2 Zimmer;57 m;Feldkirch;Feldkirch; , Bahnhofstraße 36 
PLACE TO BE - Wohnen in der Bahnhofcity Feldkirch / 2 Zimmerwohnung Top 55;€ 899;2 Zimmer;57 m;Feldkirch;Feldkirch; , Bahnhofstraße 36 
None;None;None;None;None;None;None
None;None;None;None;None;None;None
PLACE TO BE - Wohnen in der Bahnhofcity Feldkirch / 3 Zimmerwohnung Top 54;€ 1.320;3 Zimmer;78 m;Feldkirch;Feldkirch; , Bahnhofstraße 36 
PLACE TO BE - Wohnen in der Bahnhofcity Feldkirch / 3 Zimmerwohnung Top 54;€ 1.320;3 Zimmer;78 m;Feldkirch;Feldkirch; , Bahnhofstraße 36 
PLACE TO BE - Wohnen in der Bahnhofcity Feldkirch / 2 Zimmerwohnung Top 27;€ 912;N/A;55 m;Feldkirch;Feldkirch; , Bahnhofstraße 36 
PLACE TO BE - Wohnen in der Bahnhofcity Feldkirch / 2 Zimmerwohnung Top 27;€ 912;N/A;55 m;Feldkirch;Feldkirch; , Bahnhofstraße 36 
PLACE TO BE - Wohnen in der Bahnhofcity Feldkirch / 2 Zimmerwohnung Top 13;€ 824;N/A;57 m;Feldkirch;Feldkirch; , Bahnhofstraße 36 
PLACE TO BE - Wohnen in der Bahnhofcity Feldkirch / 2 Zimmerwohnung Top 13;€ 824;N/A;57 m;Feldkirch;Feldkirch; , Bahnhofstraße 36 
PLACE TO BE - Wohnen in der Bahnhofcity Top 52;€ 899;2 Zimmer;55 m;Feldkirch;Feldkirch; , Bahnhofstraße 36 
PLACE TO BE - Wohnen in der Bahnhofcity Top 52;€ 899;2 Zimmer;55 m;Feldkirch;Feldkirch; , Bahnhofstraße 36 
PLACE TO BE - Wohnen in der Bahnhofcity Feldkirch / 2 Zimmerwohnung Top 62;€ 1.021;2 Zimmer;66 m;Feldkirch;Feldkirch; , Bahnhofstrasse 
PLACE TO BE - Wohnen in der Bahnhofcity Feldkirch / 2 Zimmerwohnung Top 62;€ 1.021;2 Zimmer;66 m;Feldkirch;Feldkirch; , Bahnhofstrasse 
PLACE TO BE - Wohnen in der Bahnhofcity Feldkirch / 3 Zimmerwohnung BF6 Top 13;€ 1.244;3 Zimmer;73 m;Feldkirch;Feldkirch; , Bahnhofstraße 20 
PLACE TO BE - Wohnen in der Bahnhofcity Feldkirch / 3 Zimmerwohnung BF6 Top 13;€ 1.244;3 Zimmer;73 m;Feldkirch;Feldkirch; , Bahnhofstraße 20 
PLACE TO BE - Wohnen in der Bahnhofcity Feldkirch / 3 Zimmerwohnung BF6 Top 8;€ 1.212;N/A;73 m;Feldkirch;Feldkirch; , Bahnhofstrasse 20 
PLACE TO BE - Wohnen in der Bahnhofcity Feldkirch / 3 Zimmerwohnung BF6 Top 8;€ 1.212;N/A;73 m;Feldkirch;Feldkirch; , Bahnhofstrasse 20 
PLACE TO BE - Wohnen in der Bahnhofcity Feldkirch / 3 Zimmerwohnung Top 39;€ 1.283;3 Zimmer;78 m;Feldkirch;Feldkirch; , Bahnhofstraße 36 
PLACE TO BE - Wohnen in der Bahnhofcity Feldkirch / 3 Zimmerwohnung Top 39;€ 1.283;3 Zimmer;78 m;Feldkirch;Feldkirch; , Bahnhofstraße 36 
None;None;None;None;None;None;None
None;None;None;None;None;None;None
Miniloft unter historischem Dach;€ 750;1 Zimmer;49,76 m;Dornbirn;Dornbirn;None
Miniloft unter historischem Dach;€ 750;1 Zimmer;49,76 m;Dornbirn;Dornbirn;None
helle 2-Zimmer Wohnung in Zentrumsnaher Lage;€ 925,03;2 Zimmer;60 m;Feldkirch;Feldkirch; , Liechtensteinerstraße 76 
helle 2-Zimmer Wohnung in Zentrumsnaher Lage;€ 925,03;2 Zimmer;60 m;Feldkirch;Feldkirch; , Liechtensteinerstraße 76 
neuwertige Top 3-Zimmer-Dachgeschosswohnung in Altach;€ 1.591;3 Zimmer;87,8 m;Feldkirch;Altach; , Große Wies 
neuwertige Top 3-Zimmer-Dachgeschosswohnung in Altach;€ 1.591;3 Zimmer;87,8 m;Feldkirch;Altach; , Große Wies 
Neuwertige 4-Zimmer-Terrassenwohnung in Schwarzenberg;€ 1.391;4 Zimmer;109 m;Bregenz;Schwarzenberg; , Hof 
Neuwertige 4-Zimmer-Terrassenwohnung in Schwarzenberg;€ 1.391;4 Zimmer;109 m;Bregenz;Schwarzenberg; , Hof 
Neuwertige 2-Zimmer-Terrassenwohnung in Altach;€ 1.087;2 Zimmer;60,2 m;Feldkirch;Altach; , Große Wies 16 
Neuwertige 2-Zimmer-Terrassenwohnung in Altach;€ 1.087;2 Zimmer;60,2 m;Feldkirch;Altach; , Große Wies 16 
None;None;None;None;None;None;None
None;None;None;None;None;None;None
Zentral gelegene 3-Zimmerwohnung in Götzis zu vermieten!;€ 905;3 Zimmer;74,57 m;Feldkirch;Götzis; , Gartenstraße 18 
Zentral gelegene 3-Zimmerwohnung in Götzis zu vermieten!;€ 905;3 Zimmer;74,57 m;Feldkirch;Götzis; , Gartenstraße 18 
Neubau/Erstbezug: Hochwertige 3-Zimmer-Wohnung mit allen Extras in Rankweil Rüggelen;€ 1.440;3 Zimmer;76,36 m;Feldkirch;Rankweil; , Pfründeweg 4 
Neubau/Erstbezug: Hochwertige 3-Zimmer-Wohnung mit allen Extras in Rankweil Rüggelen;€ 1.440;3 Zimmer;76,36 m;Feldkirch;Rankweil; , Pfründeweg 4 
Corner21 - Micro-Apartments EG - Top 2;€ 745;1 Zimmer;27,66 m;Feldkirch;Rankweil; , Südtirolerstraße 19 
Corner21 - Micro-Apartments EG - Top 2;€ 745;1 Zimmer;27,66 m;Feldkirch;Rankweil; , Südtirolerstraße 19 
2-Zi. Mietwohnung Lochau;€ 1.092;N/A;60 m;Bregenz;Lochau; , Tannenstr. 
2-Zi. Mietwohnung Lochau;€ 1.092;N/A;60 m;Bregenz;Lochau; , Tannenstr. 
None;None;None;None;None;None;None
None;None;None;None;None;None;None
None;None;None;None;None;None;None
None;None;None;None;None;None;None
None;None;None;None;None;None;None
None;None;None;None;None;None;None
helle 3-Zimmer Wohnung in ruhiger Lage von Göfis;€ 1.315;3 Zimmer;76,09 m;Feldkirch;Göfis; , Im Grund 2 
helle 3-Zimmer Wohnung in ruhiger Lage von Göfis;€ 1.315;3 Zimmer;76,09 m;Feldkirch;Göfis; , Im Grund 2 
3,5 Zi-Wo in zentraler Lage in Sulz;€ 1.178,52;4 Zimmer;91,25 m;Feldkirch;Sulz; , Müsinenstraße 34 
3,5 Zi-Wo in zentraler Lage in Sulz;€ 1.178,52;4 Zimmer;91,25 m;Feldkirch;Sulz; , Müsinenstraße 34 
Exklusive 2-Zimmerwohnung mit 96 m² im Dornbirner Oberdorf!;€ 1.500;N/A;96 m;Dornbirn;Dornbirn; , Rosenstraße 
Exklusive 2-Zimmerwohnung mit 96 m² im Dornbirner Oberdorf!;€ 1.500;N/A;96 m;Dornbirn;Dornbirn; , Rosenstraße 
Floras Garten - 4-Zimmer-Gartenwohnung - Haus Primula - Top 1;€ 1.495,25;4 Zimmer;87,8 m;Bregenz;Lochau; , Toni-Russ-Straße 8 
Floras Garten - 4-Zimmer-Gartenwohnung - Haus Primula - Top 1;€ 1.495,25;4 Zimmer;87,8 m;Bregenz;Lochau; , Toni-Russ-Straße 8 
Helle Vier-Zimmer-Penthouse-Wohnung, mit großer Sonnenterrasse in Feldkirch;€ 1.900;4 Zimmer;103 m;Feldkirch;Feldkirch; , Illstraße 13a 
Helle Vier-Zimmer-Penthouse-Wohnung, mit großer Sonnenterrasse in Feldkirch;€ 1.900;4 Zimmer;103 m;Feldkirch;Feldkirch; , Illstraße 13a 
Tolles, kleineres Loft mit Galerie;€ 792;3 Zimmer;68 m;Feldkirch;Feldkirch; , Schiessstätte 12 
Tolles, kleineres Loft mit Galerie;€ 792;3 Zimmer;68 m;Feldkirch;Feldkirch; , Schiessstätte 12 
Hübsches Loft mit Galerie;€ 887,70;3 Zimmer;80 m;Feldkirch;Feldkirch; , Schiessstätte 12 
Hübsches Loft mit Galerie;€ 887,70;3 Zimmer;80 m;Feldkirch;Feldkirch; , Schiessstätte 12 
Schöne, gemütliche 2-Zimmer Gartenwohnung - provisionsfrei;€ 920;2 Zimmer;56 m;Bregenz;Wolfurt; , Fliederweg 
Schöne, gemütliche 2-Zimmer Gartenwohnung - provisionsfrei;€ 920;2 Zimmer;56 m;Bregenz;Wolfurt; , Fliederweg 
Exklusive Luxuswohnung am Bodensee zur Miete;Preis auf Anfrage;4 Zimmer;109 m;Bregenz;Lochau; , Kaiserstrand 
Exklusive Luxuswohnung am Bodensee zur Miete;Preis auf Anfrage;4 Zimmer;109 m;Bregenz;Lochau; , Kaiserstrand 
Offenes Wohngefühl in großzügig geschnittener Gartenwohnung!;€ 1.480;N/A;95 m;Dornbirn;Lustenau; , Quellenstraße 
Offenes Wohngefühl in großzügig geschnittener Gartenwohnung!;€ 1.480;N/A;95 m;Dornbirn;Lustenau; , Quellenstraße 
3 - Zimmer Whg., zentrale Lage in Alberschwende;€ 820;3 Zimmer;90 m;Bregenz;Alberschwende; , Schwarzen 
3 - Zimmer Whg., zentrale Lage in Alberschwende;€ 820;3 Zimmer;90 m;Bregenz;Alberschwende; , Schwarzen 
None;None;None;None;None;None;None
None;None;None;None;None;None;None
None;None;None;None;None;None;None
None;None;None;None;None;None;None
None;None;None;None;None;None;None
None;None;None;None;None;None;None
None;None;None;None;None;None;None
None;None;None;None;None;None;None
Mini-Maisonette in Dornbirn-Hatlerdorf;€ 595;1 Zimmer;32 m;Dornbirn;Dornbirn;None
Mini-Maisonette in Dornbirn-Hatlerdorf;€ 595;1 Zimmer;32 m;Dornbirn;Dornbirn;None
2-Zimmerwohnung mit Loggia im Zentrum von Dornbirn;€ 870;2 Zimmer;51,56 m;Dornbirn;Dornbirn;None
2-Zimmerwohnung mit Loggia im Zentrum von Dornbirn;€ 870;2 Zimmer;51,56 m;Dornbirn;Dornbirn;None
Attraktive 3-Zimmerwohnung in Hohenems zu vermieten!;€ 1.149;3 Zimmer;73,99 m;Dornbirn;Hohenems;  , Schweizer Straße 33 
Attraktive 3-Zimmerwohnung in Hohenems zu vermieten!;€ 1.149;3 Zimmer;73,99 m;Dornbirn;Hohenems;  , Schweizer Straße 33 
Schöne Dachwohnung im Oberdorf in Dornbirn;€ 895;2 Zimmer;78 m;Dornbirn;Dornbirn; , Weppach 18, Top 10 
Schöne Dachwohnung im Oberdorf in Dornbirn;€ 895;2 Zimmer;78 m;Dornbirn;Dornbirn; , Weppach 18, Top 10 
Attraktive Wohnung - TOP Zustand in zentraler Lage;€ 1.360;3 Zimmer;86 m;Feldkirch;Feldkirch; , Waldfriedgasse 
Attraktive Wohnung - TOP Zustand in zentraler Lage;€ 1.360;3 Zimmer;86 m;Feldkirch;Feldkirch; , Waldfriedgasse 
Nette 3-Zimmerwohnung in Feldkirch-Gisingen zu vermieten!;€ 1.065;3 Zimmer;79,82 m;Feldkirch;Feldkirch; , Grenzweg 15 
Nette 3-Zimmerwohnung in Feldkirch-Gisingen zu vermieten!;€ 1.065;3 Zimmer;79,82 m;Feldkirch;Feldkirch; , Grenzweg 15 
Gartenwohnung mit Panorama;€ 1.176;N/A;95 m;Feldkirch;Weiler; , Untere Halde 5 
Gartenwohnung mit Panorama;€ 1.176;N/A;95 m;Feldkirch;Weiler; , Untere Halde 5 
Einzigartige 3-Zimmerwohnung in Götzis zu vermieten!;€ 1.235;3 Zimmer;74,53 m;Feldkirch;Götzis; , Kalkofenweg 40 
Einzigartige 3-Zimmerwohnung in Götzis zu vermieten!;€ 1.235;3 Zimmer;74,53 m;Feldkirch;Götzis; , Kalkofenweg 40 
Große 3-Zimmer-Maisonette-Wohnung in Rankweil zu vermieten!;€ 1.045;3 Zimmer;76,08 m;Feldkirch;Rankweil; , Schützenstraße 5 
Große 3-Zimmer-Maisonette-Wohnung in Rankweil zu vermieten!;€ 1.045;3 Zimmer;76,08 m;Feldkirch;Rankweil; , Schützenstraße 5 
Zentral gelegene 3,5-Zimmer-Wohnung in Feldkirch;€ 1.280;3,5 Zimmer;103,5 m;Feldkirch;Feldkirch; , Neustadt 14 
Zentral gelegene 3,5-Zimmer-Wohnung in Feldkirch;€ 1.280;3,5 Zimmer;103,5 m;Feldkirch;Feldkirch; , Neustadt 14 
Provisionsfrei 4-Zimmer Wohnung in bester Lage in Dornbirn zu vermieten;€ 1.448;N/A;89,2 m;Dornbirn;Dornbirn; , Sandgasse 2 
Provisionsfrei 4-Zimmer Wohnung in bester Lage in Dornbirn zu vermieten;€ 1.448;N/A;89,2 m;Dornbirn;Dornbirn; , Sandgasse 2 
Entzückende 1-Zimmer Gartenwohnung in Meiningen;€ 455;N/A;20 m;Feldkirch;Meiningen;None
Entzückende 1-Zimmer Gartenwohnung in Meiningen;€ 455;N/A;20 m;Feldkirch;Meiningen;None
3 Zimmer Wohnung mit Verglastem Balkon und Gartenanteil;€ 1.148;N/A;74 m;Bregenz;Hard; , Oberer Achdamm 9 
3 Zimmer Wohnung mit Verglastem Balkon und Gartenanteil;€ 1.148;N/A;74 m;Bregenz;Hard; , Oberer Achdamm 9 
Märchenhafte Gartenwohnung in Traumlage;€ 1.100;3 Zimmer;80 m;Bregenz;Hohenweiler; , Dorf 66 
Märchenhafte Gartenwohnung in Traumlage;€ 1.100;3 Zimmer;80 m;Bregenz;Hohenweiler; , Dorf 66 
None;None;None;None;None;None;None
None;None;None;None;None;None;None
Wunderbare 3-Zimmerwohnung mit Aussicht in Klaus zu vermieten!;€ 1.165;3 Zimmer;86 m;Feldkirch;Klaus; , Walgaustraße 7 
Wunderbare 3-Zimmerwohnung mit Aussicht in Klaus zu vermieten!;€ 1.165;3 Zimmer;86 m;Feldkirch;Klaus; , Walgaustraße 7 
None;None;None;None;None;None;None
None;None;None;None;None;None;None
Schöne 2-Zimmerwohnung in Lustenau!;€ 880;N/A;54,5 m;Dornbirn;Lustenau; , Maria-Theresien-Straße 
Schöne 2-Zimmerwohnung in Lustenau!;€ 880;N/A;54,5 m;Dornbirn;Lustenau; , Maria-Theresien-Straße 
Wunderschöne Dachterrassenwohnung;€ 640;2 Zimmer;51 m;Feldkirch;Koblach; , Roter Graben 2 
Wunderschöne Dachterrassenwohnung;€ 640;2 Zimmer;51 m;Feldkirch;Koblach; , Roter Graben 2 
Schöne 3 Zimmer Wohnung mit 2 Balkonen;€ 1.016,51;N/A;76,84 m;Bregenz;Bregenz; , Vorklostergasse 37 
Schöne 3 Zimmer Wohnung mit 2 Balkonen;€ 1.016,51;N/A;76,84 m;Bregenz;Bregenz; , Vorklostergasse 37 
None;None;None;None;None;None;None
None;None;None;None;None;None;None
luxuriöse Penthousewohnung in Feldkirch;€ 2.490;6 Zimmer;180 m;Feldkirch;Feldkirch; , In der Bündt 4 
luxuriöse Penthousewohnung in Feldkirch;€ 2.490;6 Zimmer;180 m;Feldkirch;Feldkirch; , In der Bündt 4 
Nette 1,5-Zimmerwohnung in der Feldkircher Stadt zu vermieten.;€ 595;1,5 Zimmer;48,13 m;Feldkirch;Feldkirch; , Vorstadt 4 
Nette 1,5-Zimmerwohnung in der Feldkircher Stadt zu vermieten.;€ 595;1,5 Zimmer;48,13 m;Feldkirch;Feldkirch; , Vorstadt 4 
Dachgeschosswohnung in Vandans;€ 860;N/A;65 m;Bludenz;Vandans; , Untere Venserstraße 
Dachgeschosswohnung in Vandans;€ 860;N/A;65 m;Bludenz;Vandans; , Untere Venserstraße 
None;None;None;None;None;None;None
None;None;None;None;None;None;None
2 Zimmerwohnung in Hohenems;€ 816,92;2 Zimmer;45,1 m;Dornbirn;Hohenems;None
2 Zimmerwohnung in Hohenems;€ 816,92;2 Zimmer;45,1 m;Dornbirn;Hohenems;None
Großzügige 2,5 Zimmerwohnung in Bregenz zu vermieten!;€ 1.216,50;2,5 Zimmer;88,27 m;Bregenz;Bregenz;None
Großzügige 2,5 Zimmerwohnung in Bregenz zu vermieten!;€ 1.216,50;2,5 Zimmer;88,27 m;Bregenz;Bregenz;None
Wunderschöne Penthousewohnung mit herrlichem Panorama in Wolfurt. Privisionsfrei!;€ 1.490;3 Zimmer;84 m;Bregenz;Wolfurt; , Sonnenstraße 18 
Wunderschöne Penthousewohnung mit herrlichem Panorama in Wolfurt. Privisionsfrei!;€ 1.490;3 Zimmer;84 m;Bregenz;Wolfurt; , Sonnenstraße 18 
None;None;None;None;None;None;None
None;None;None;None;None;None;None
Ruhige Gartenwohnung mit 2 Zimmern in Weiler;€ 930;2 Zimmer;54 m;Feldkirch;Weiler; , In der Bündt 5 
Ruhige Gartenwohnung mit 2 Zimmern in Weiler;€ 930;2 Zimmer;54 m;Feldkirch;Weiler; , In der Bündt 5 
3 Zimmerwohnung mit Balkon, Kellerabteil, Lift und Tiefgaragenplatz;Preis auf Anfrage;N/A;68 m;Bludenz;Nenzing; , Ramschwagplatz 9 
3 Zimmerwohnung mit Balkon, Kellerabteil, Lift und Tiefgaragenplatz;Preis auf Anfrage;N/A;68 m;Bludenz;Nenzing; , Ramschwagplatz 9 
sehr schöne Neubauwohnung;€ 1.000;2 Zimmer;58 m;Feldkirch;Feldkirch; , Königshofstrasse, 36 
sehr schöne Neubauwohnung;€ 1.000;2 Zimmer;58 m;Feldkirch;Feldkirch; , Königshofstrasse, 36 
None;None;None;None;None;None;None
None;None;None;None;None;None;None
attraktive 2-Zimmer-Terrassenwohnung in Schwarzach;€ 922,50;2 Zimmer;57 m;Bregenz;Schwarzach; , Mühleweg 3 
attraktive 2-Zimmer-Terrassenwohnung in Schwarzach;€ 922,50;2 Zimmer;57 m;Bregenz;Schwarzach; , Mühleweg 3 
Wunderschöne 4-Zimmerwohnung in bester Wohnlage und traumhaftem Ausblick in Rankweil;€ 1.480;N/A;89 m;Feldkirch;Rankweil;None
Wunderschöne 4-Zimmerwohnung in bester Wohnlage und traumhaftem Ausblick in Rankweil;€ 1.480;N/A;89 m;Feldkirch;Rankweil;None
Idyllische 3 Zimmer Maisonette Wohnung mit Balkon. Heimkommen- Aufatmen und Wohlfühlen!;€ 1.100;3 Zimmer;65,65 m;Dornbirn;Dornbirn;None
Idyllische 3 Zimmer Maisonette Wohnung mit Balkon. Heimkommen- Aufatmen und Wohlfühlen!;€ 1.100;3 Zimmer;65,65 m;Dornbirn;Dornbirn;None
None;None;None;None;None;None;None
None;None;None;None;None;None;None
None;None;None;None;None;None;None
None;None;None;None;None;None;None
None;None;None;None;None;None;None
None;None;None;None;None;None;None
Vermiete 93,5m² Wohnung im Herzen von Dornbirn (möbliert);Preis auf Anfrage;5 Zimmer;93,5 m;Dornbirn;Dornbirn; , Kapuzinergasse 
Vermiete 93,5m² Wohnung im Herzen von Dornbirn (möbliert);Preis auf Anfrage;5 Zimmer;93,5 m;Dornbirn;Dornbirn; , Kapuzinergasse 
Nette 2-Zi-Whg samt Tiefgaragenplatz;€ 790;2 Zimmer;47 m;Bregenz;Hard; , Lehenweg 6b 
Nette 2-Zi-Whg samt Tiefgaragenplatz;€ 790;2 Zimmer;47 m;Bregenz;Hard; , Lehenweg 6b 
Großzügige 3 Zimmer Dachgeschosswohnung;€ 959;3 Zimmer;80 m;Bregenz;Kennelbach; , St. Antoniusweg 15 
Großzügige 3 Zimmer Dachgeschosswohnung;€ 959;3 Zimmer;80 m;Bregenz;Kennelbach; , St. Antoniusweg 15 
Provisionsfrei: Großzügige 2-Zimmer Dachgeschosswohnung;€ 930;2 Zimmer;58 m;Feldkirch;Götzis;  , Feldgasse 19 
Provisionsfrei: Großzügige 2-Zimmer Dachgeschosswohnung;€ 930;2 Zimmer;58 m;Feldkirch;Götzis;  , Feldgasse 19 
"Wohnen wie im Urlaub" | Lochau Seeblick | 3 Zimmerwohnung | Erstbezug;€ 1.590;3 Zimmer;85,2 m;Bregenz;Lochau; , Seeschanze 2a 
"Wohnen wie im Urlaub" | Lochau Seeblick | 3 Zimmerwohnung | Erstbezug;€ 1.590;3 Zimmer;85,2 m;Bregenz;Lochau; , Seeschanze 2a 
sehr schöne 2-Zimmer-Dachgeschosswohnung-Neubau;€ 990;2 Zimmer;51,18 m;Dornbirn;Dornbirn; , Raiffeisenstraße 31a 
sehr schöne 2-Zimmer-Dachgeschosswohnung-Neubau;€ 990;2 Zimmer;51,18 m;Dornbirn;Dornbirn; , Raiffeisenstraße 31a 
None;None;None;None;None;None;None
None;None;None;None;None;None;None
Helle 3 Zimmerwohnung in Bregenz Strabonstraße ab sofort zu vermieten;€ 1.211,92;3 Zimmer;76,73 m;Bregenz;Bregenz; , Strabonstraße 
Helle 3 Zimmerwohnung in Bregenz Strabonstraße ab sofort zu vermieten;€ 1.211,92;3 Zimmer;76,73 m;Bregenz;Bregenz; , Strabonstraße 
Exklusive 3 Zimmer Wohnung mit großem Balkon ab 01.09.2022 zu vermieten;€ 1.293,40;3 Zimmer;82,43 m;Feldkirch;Feldkirch; , Lehenhofstraße 
Exklusive 3 Zimmer Wohnung mit großem Balkon ab 01.09.2022 zu vermieten;€ 1.293,40;3 Zimmer;82,43 m;Feldkirch;Feldkirch; , Lehenhofstraße 
Wunderschöne Loft-Wohnung mit 4 Zimmer und Balkon in Stadtnähe;€ 1.298;4 Zimmer;123 m;Feldkirch;Feldkirch; , Schießstätte 
Wunderschöne Loft-Wohnung mit 4 Zimmer und Balkon in Stadtnähe;€ 1.298;4 Zimmer;123 m;Feldkirch;Feldkirch; , Schießstätte 
None;None;None;None;None;None;None
None;None;None;None;None;None;None
Neuwertige 2-Zimmer-Gartenwohnung (privat);€ 1.290;2 Zimmer;54 m;Feldkirch;Götzis; , St.Ulrichstraße 22/1 
Neuwertige 2-Zimmer-Gartenwohnung (privat);€ 1.290;2 Zimmer;54 m;Feldkirch;Götzis; , St.Ulrichstraße 22/1 
Interessante 4,5-Zimmerwohnung in ruhiger Lage;€ 1.350;4 Zimmer;105 m;Bludenz;Bludenz; , Hasensprung 
Interessante 4,5-Zimmerwohnung in ruhiger Lage;€ 1.350;4 Zimmer;105 m;Bludenz;Bludenz; , Hasensprung 
3,5-Zimmerwohnung zu vermieten;Preis auf Anfrage;3 Zimmer;90 m;Bludenz;Bludenz; , Gartenstr.8 
3,5-Zimmerwohnung zu vermieten;Preis auf Anfrage;3 Zimmer;90 m;Bludenz;Bludenz; , Gartenstr.8 
3 Zi-Gartenwohnung nahe dem Dorfzentrum;€ 800;3 Zimmer;79,2 m;Bregenz;Hittisau;None
3 Zi-Gartenwohnung nahe dem Dorfzentrum;€ 800;3 Zimmer;79,2 m;Bregenz;Hittisau;None
None;None;None;None;None;None;None
None;None;None;None;None;None;None
Attraktive 3-Zimmerwohnung in Lustenau zu vermieten!;€ 1.175;3 Zimmer;77,35 m;Dornbirn;Lustenau; , Pontenstraße 28a 
Attraktive 3-Zimmerwohnung in Lustenau zu vermieten!;€ 1.175;3 Zimmer;77,35 m;Dornbirn;Lustenau; , Pontenstraße 28a 
None;None;None;None;None;None;None
None;None;None;None;None;None;None
2er WG Zimmer 15,41 m2;€ 460;N/A;49,17 m;Feldkirch;Feldkirch; , vorstadt 3 
2er WG Zimmer 15,41 m2;€ 460;N/A;49,17 m;Feldkirch;Feldkirch; , vorstadt 3 
Helle 4 Zimmer wohnung in Schwarzach;€ 1.350;N/A;75 m;Bregenz;Schwarzach;None
Helle 4 Zimmer wohnung in Schwarzach;€ 1.350;N/A;75 m;Bregenz;Schwarzach;None
Single-Appartement in Dornbirn-Hatlerdorf!;€ 480;1 Zimmer;22,5 m;Dornbirn;Dornbirn;None
Single-Appartement in Dornbirn-Hatlerdorf!;€ 480;1 Zimmer;22,5 m;Dornbirn;Dornbirn;None
Gemütliche 2-Zimmerwohnung im Zentrum von Bregenz;€ 780;2 Zimmer;41 m;Bregenz;Bregenz; , Kirchstraße 32 
Gemütliche 2-Zimmerwohnung im Zentrum von Bregenz;€ 780;2 Zimmer;41 m;Bregenz;Bregenz; , Kirchstraße 32 
Wunderschöne 2-Zimmer Wohnung;€ 881,26;3 Zimmer;62 m;Feldkirch;Feldkirch; , Baptist Beck Weg 
Wunderschöne 2-Zimmer Wohnung;€ 881,26;3 Zimmer;62 m;Feldkirch;Feldkirch; , Baptist Beck Weg 
Traumhafte Loftwohnung im Herzen von Nüziders!;€ 1.558;N/A;145 m;Bludenz;Nüziders;None
Traumhafte Loftwohnung im Herzen von Nüziders!;€ 1.558;N/A;145 m;Bludenz;Nüziders;None
None;None;None;None;None;None;None
None;None;None;None;None;None;None
Dachgeschoss-Traum am Marktplatz Dornbirn;€ 1.040;N/A;49 m;Dornbirn;Dornbirn; , Eisengasse 2 
Dachgeschoss-Traum am Marktplatz Dornbirn;€ 1.040;N/A;49 m;Dornbirn;Dornbirn; , Eisengasse 2 
Wunderbare 3-Zimmerwohnung in Feldkirch-Altenstadt zu vermieten!;€ 1.098;N/A;69,54 m;Feldkirch;Feldkirch; , Bruderhofstraße 16a 
Wunderbare 3-Zimmerwohnung in Feldkirch-Altenstadt zu vermieten!;€ 1.098;N/A;69,54 m;Feldkirch;Feldkirch; , Bruderhofstraße 16a 
Sonnige 3-Zimmer-Wohnung in Tosters mit neuer Küche;€ 1.170;3 Zimmer;73,14 m;Feldkirch;Feldkirch; , Riedteilweg 3 - 5 
Sonnige 3-Zimmer-Wohnung in Tosters mit neuer Küche;€ 1.170;3 Zimmer;73,14 m;Feldkirch;Feldkirch; , Riedteilweg 3 - 5 
Zentral gelegene 2-Zimmerwohnung in Bludenz - provisionsfrei;€ 665,30;2 Zimmer;44 m;Bludenz;Bludenz; , Bahnhofstrasse 21 
Zentral gelegene 2-Zimmerwohnung in Bludenz - provisionsfrei;€ 665,30;2 Zimmer;44 m;Bludenz;Bludenz; , Bahnhofstrasse 21 
Erstbezug mit Aussicht: Hochwertige 2-Zi. Whg. mit Garten, Stellplatz und Einbauküche;€ 933;2 Zimmer;53 m;Feldkirch;Dünserberg; , Bassig 55 
Erstbezug mit Aussicht: Hochwertige 2-Zi. Whg. mit Garten, Stellplatz und Einbauküche;€ 933;2 Zimmer;53 m;Feldkirch;Dünserberg; , Bassig 55 
Schöne 2 Zimmer-Wohnung in bester Lage Dornbirns;€ 870;2 Zimmer;50 m;Dornbirn;Dornbirn; , Schulgasse 
Schöne 2 Zimmer-Wohnung in bester Lage Dornbirns;€ 870;2 Zimmer;50 m;Dornbirn;Dornbirn; , Schulgasse 
None;None;None;None;None;None;None
None;None;None;None;None;None;None
Floras Garten - 3-Zimmerwohnung - Haus Primula - Top 8;€ 1.330,19;3 Zimmer;76,54 m;Bregenz;Lochau; , Toni-Russ-Straße 8 
Floras Garten - 3-Zimmerwohnung - Haus Primula - Top 8;€ 1.330,19;3 Zimmer;76,54 m;Bregenz;Lochau; , Toni-Russ-Straße 8 
Neubau! Moderne Dachgeschosswohnung Vollholzbau;€ 990;2 Zimmer;66 m;Bregenz;Alberschwende; , Schwarzen 
Neubau! Moderne Dachgeschosswohnung Vollholzbau;€ 990;2 Zimmer;66 m;Bregenz;Alberschwende; , Schwarzen 
ERSTBEZUG / NEUBAU - Attraktive 3-Zi-Wohnung in ruhiger Lage zu vermieten - Privatvermietung;Preis auf Anfrage;3 Zimmer;74 m;Feldkirch;Altach; , Rheinstraße 42 
ERSTBEZUG / NEUBAU - Attraktive 3-Zi-Wohnung in ruhiger Lage zu vermieten - Privatvermietung;Preis auf Anfrage;3 Zimmer;74 m;Feldkirch;Altach; , Rheinstraße 42 
Grosse 2-Zi Dachgeschosswohnung im Zentrum Hohenems;€ 901,27;N/A;73,4 m;Dornbirn;Hohenems;None
Grosse 2-Zi Dachgeschosswohnung im Zentrum Hohenems;€ 901,27;N/A;73,4 m;Dornbirn;Hohenems;None
Wohnen mit Panoramaaussicht in Egg-Großdorf;€ 1.550;N/A;100,9 m;Bregenz;Egg; , Hofstatt 395 
Wohnen mit Panoramaaussicht in Egg-Großdorf;€ 1.550;N/A;100,9 m;Bregenz;Egg; , Hofstatt 395 
Moderne 3-Zimmerwohnung in Feldkirch Gisingen;€ 1.230;3 Zimmer;77 m;Feldkirch;Feldkirch; , Bifangstraße 17 
Moderne 3-Zimmerwohnung in Feldkirch Gisingen;€ 1.230;3 Zimmer;77 m;Feldkirch;Feldkirch; , Bifangstraße 17 
Moderne 3-Zimmerwohnung in Schruns;€ 1.198;3 Zimmer;82,02 m;Bludenz;Schruns; , Johann Wiederin Weg 26 
Moderne 3-Zimmerwohnung in Schruns;€ 1.198;3 Zimmer;82,02 m;Bludenz;Schruns; , Johann Wiederin Weg 26 
Wohnen im Naherholungsgebiet in Dornbirn! 3-Zimmer Terrassenwohnung in ruhiger Lage Top A 4;€ 1.473;3 Zimmer;78,56 m;Dornbirn;Dornbirn; , Wichnerstrasse 109 
Wohnen im Naherholungsgebiet in Dornbirn! 3-Zimmer Terrassenwohnung in ruhiger Lage Top A 4;€ 1.473;3 Zimmer;78,56 m;Dornbirn;Dornbirn; , Wichnerstrasse 109 
Wohnen im Naherholungsgebiet in Dornbirn! 2-Zimmer Gartenwohnung in ruhiger Lage Top B 1;€ 1.135;2 Zimmer;54,61 m;Dornbirn;Dornbirn; , Wichnerstrasse 109 a 
Wohnen im Naherholungsgebiet in Dornbirn! 2-Zimmer Gartenwohnung in ruhiger Lage Top B 1;€ 1.135;2 Zimmer;54,61 m;Dornbirn;Dornbirn; , Wichnerstrasse 109 a 
Wohnen im Naherholungsgebiet in Dornbirn! 2-Zimmer Gartenwohnung in ruhiger Lage Top B 2;€ 1.155;2 Zimmer;55,78 m;Dornbirn;Dornbirn; , Wichnerstrasse 109a 
Wohnen im Naherholungsgebiet in Dornbirn! 2-Zimmer Gartenwohnung in ruhiger Lage Top B 2;€ 1.155;2 Zimmer;55,78 m;Dornbirn;Dornbirn; , Wichnerstrasse 109a 
None;None;None;None;None;None;None
None;None;None;None;None;None;None
None;None;None;None;None;None;None
None;None;None;None;None;None;None
Renovierte Dachgeschosswohnung in Lustenau;€ 1.180;3 Zimmer;100 m;Dornbirn;Lustenau; , Kaiser-Franz-Josef-Str. 17 
Renovierte Dachgeschosswohnung in Lustenau;€ 1.180;3 Zimmer;100 m;Dornbirn;Lustenau; , Kaiser-Franz-Josef-Str. 17 
4-Zimmerwohnung im Herzen von Bludenz ohne Makler (W5);€ 1.222,38;N/A;91,43 m;Bludenz;Bludenz; , Rathausgasse 20 
4-Zimmerwohnung im Herzen von Bludenz ohne Makler (W5);€ 1.222,38;N/A;91,43 m;Bludenz;Bludenz; , Rathausgasse 20 
3-Zimmer Terrassenwohnung im schönen Hatlerdorf zu vermieten! Top 5;€ 1.116;2 Zimmer;58,3 m;Dornbirn;Dornbirn; , Hanggasse 27 a 
3-Zimmer Terrassenwohnung im schönen Hatlerdorf zu vermieten! Top 5;€ 1.116;2 Zimmer;58,3 m;Dornbirn;Dornbirn; , Hanggasse 27 a 
2-Zimmer Gartenwohnung in Dornbirn ! Top A01;€ 850;2 Zimmer;48 m;Dornbirn;Dornbirn; , Schulgasse 58 
2-Zimmer Gartenwohnung in Dornbirn ! Top A01;€ 850;2 Zimmer;48 m;Dornbirn;Dornbirn; , Schulgasse 58 
2-Zi Mietwohnung Bregenz;Preis auf Anfrage;N/A;68 m;Bregenz;Bregenz; , Schillerstr. 
2-Zi Mietwohnung Bregenz;Preis auf Anfrage;N/A;68 m;Bregenz;Bregenz; , Schillerstr. 
Schöne Aussicht und beste Infrastruktur;€ 875;3 Zimmer;72 m;Bregenz;Bregenz; , Ammianusstraße 1 
Schöne Aussicht und beste Infrastruktur;€ 875;3 Zimmer;72 m;Bregenz;Bregenz; , Ammianusstraße 1 
4-Zimmer Wohnung in sanierter Stadtvilla;€ 1.624;4 Zimmer;91,25 m;Dornbirn;Dornbirn; , Bergmannstraße 4 
4-Zimmer Wohnung in sanierter Stadtvilla;€ 1.624;4 Zimmer;91,25 m;Dornbirn;Dornbirn; , Bergmannstraße 4 
Schöne 2-Zi. Wohnung in Feldkirch-Tosters;€ 752;2 Zimmer;50 m;Feldkirch;Feldkirch; , Queräckerweg, 2 
Schöne 2-Zi. Wohnung in Feldkirch-Tosters;€ 752;2 Zimmer;50 m;Feldkirch;Feldkirch; , Queräckerweg, 2 
None;None;None;None;None;None;None
None;None;None;None;None;None;None
Sonnige Wohnung in Dornbirn Hatlerdorf;€ 1.200;3 Zimmer;72,79 m;Dornbirn;Dornbirn;None
Sonnige Wohnung in Dornbirn Hatlerdorf;€ 1.200;3 Zimmer;72,79 m;Dornbirn;Dornbirn;None
Wohnhaus mit zwei Wohnungen und drei Bäder zu vermieten Nutzung als Büro- und Geschäftshaus möglich;Preis auf Anfrage;N/A;1 m;Bregenz;Alberschwende; , Hoff 355 
Wohnhaus mit zwei Wohnungen und drei Bäder zu vermieten Nutzung als Büro- und Geschäftshaus möglich;Preis auf Anfrage;N/A;1 m;Bregenz;Alberschwende; , Hoff 355 
NEUBAU! Hochwertige 3-Zimmer Wohnung in Dornbirn zu vermieten Top 05;€ 1.352;3 Zimmer;76 m;Dornbirn;Dornbirn; , Vordere Achmühlerstraße 39 
NEUBAU! Hochwertige 3-Zimmer Wohnung in Dornbirn zu vermieten Top 05;€ 1.352;3 Zimmer;76 m;Dornbirn;Dornbirn; , Vordere Achmühlerstraße 39 
NEUBAU! Hochwertige 2-Zimmer Gartenwohnung in Dornbirn zu vermieten Top 02;€ 939;2 Zimmer;53 m;Dornbirn;Dornbirn; , Vordere Achmühlerstraße 39 a 
NEUBAU! Hochwertige 2-Zimmer Gartenwohnung in Dornbirn zu vermieten Top 02;€ 939;2 Zimmer;53 m;Dornbirn;Dornbirn; , Vordere Achmühlerstraße 39 a 
helle Wohnung, saniert, im 3. OG, bestehend aus Wohnküche, ein Schlafzimmer, Bad mit WC,;€ 597,36;N/A;53,26 m;Feldkirch;Feldkirch; , Montfortgasse 2 
helle Wohnung, saniert, im 3. OG, bestehend aus Wohnküche, ein Schlafzimmer, Bad mit WC,;€ 597,36;N/A;53,26 m;Feldkirch;Feldkirch; , Montfortgasse 2 
Neue 3-Zimmer-Terrassen-Wohnung in ruhiger traumhafter Lage in Feldkirch;€ 1.506;3 Zimmer;81,4 m;Feldkirch;Feldkirch; , Hohle Gasse 10 
Neue 3-Zimmer-Terrassen-Wohnung in ruhiger traumhafter Lage in Feldkirch;€ 1.506;3 Zimmer;81,4 m;Feldkirch;Feldkirch; , Hohle Gasse 10 
große, helle 3,5-Zimmer-Wohnung mit schönem Ausblick;€ 1.098;3,5 Zimmer;84 m;Bregenz;Wolfurt; , Flurstraße 30 
große, helle 3,5-Zimmer-Wohnung mit schönem Ausblick;€ 1.098;3,5 Zimmer;84 m;Bregenz;Wolfurt; , Flurstraße 30 
Große Wohnung zu vermieten;€ 950;4 Zimmer;107 m;Dornbirn;Dornbirn; , Bogengasse 8 
Große Wohnung zu vermieten;€ 950;4 Zimmer;107 m;Dornbirn;Dornbirn; , Bogengasse 8 
HARD - ruhige, sonnige 3,5 Zimmer-Wohnung mit Loggia in Südwestausrichtung;€ 1.570;3,5 Zimmer;78 m;Bregenz;Hard; , Seestrasse 
HARD - ruhige, sonnige 3,5 Zimmer-Wohnung mit Loggia in Südwestausrichtung;€ 1.570;3,5 Zimmer;78 m;Bregenz;Hard; , Seestrasse 
Alpenländische 5 Zimmer Mietwohnung mit Kaufoption in Laterns Top 5;€ 1.047;N/A;99,64 m;Feldkirch;Laterns; , Unterkirchdorfstraße 20 
Alpenländische 5 Zimmer Mietwohnung mit Kaufoption in Laterns Top 5;€ 1.047;N/A;99,64 m;Feldkirch;Laterns; , Unterkirchdorfstraße 20 
Altbauwohnung ca 58m2 Zentrum Thüringen;€ 740;3 Zimmer;58 m;Bludenz;Thüringen; , Gerbeweg 
Altbauwohnung ca 58m2 Zentrum Thüringen;€ 740;3 Zimmer;58 m;Bludenz;Thüringen; , Gerbeweg 
Alpenländische 3 Zimmer Mietwohnung mit Kaufoption in Laterns Top 4;€ 803;N/A;76,46 m;Feldkirch;Laterns; , Unterkirchdorfstraße 20 
Alpenländische 3 Zimmer Mietwohnung mit Kaufoption in Laterns Top 4;€ 803;N/A;76,46 m;Feldkirch;Laterns; , Unterkirchdorfstraße 20 
Alpenländische 4 Zimmer Mietwohnung mit Kaufoption in Laterns Top 3;€ 870;N/A;82,81 m;Feldkirch;Laterns; , Unterkirchdorfstraße 20 
Alpenländische 4 Zimmer Mietwohnung mit Kaufoption in Laterns Top 3;€ 870;N/A;82,81 m;Feldkirch;Laterns; , Unterkirchdorfstraße 20 
Alpenländische 3 Zimmer Mietwohnung mit Kaufoption in Laterns Top 2;€ 724;N/A;68,89 m;Feldkirch;Laterns; , Unterkirchdorfstraße 20 
Alpenländische 3 Zimmer Mietwohnung mit Kaufoption in Laterns Top 2;€ 724;N/A;68,89 m;Feldkirch;Laterns; , Unterkirchdorfstraße 20 
Lustenau - 2,5-Zimmer-Wohnung mit Südbalkon;€ 880;2,5 Zimmer;67,7 m;Dornbirn;Lustenau;None
Lustenau - 2,5-Zimmer-Wohnung mit Südbalkon;€ 880;2,5 Zimmer;67,7 m;Dornbirn;Lustenau;None
None;None;None;None;None;None;None
None;None;None;None;None;None;None
Frisch renovierte 3-Zimmer-Wohnung;€ 855;3 Zimmer;63,1 m;Dornbirn;Lustenau;None
Frisch renovierte 3-Zimmer-Wohnung;€ 855;3 Zimmer;63,1 m;Dornbirn;Lustenau;None
2-Zimmer-Wohnung in ruhiger Lage in Lustenau;€ 830;2 Zimmer;70 m;Dornbirn;Lustenau;None
2-Zimmer-Wohnung in ruhiger Lage in Lustenau;€ 830;2 Zimmer;70 m;Dornbirn;Lustenau;None
Abendsonne am eigenen Balkon genießen - 2 Zimmer - Wohnung in Dornbirn;€ 810;2,5 Zimmer;59,82 m;Dornbirn;Dornbirn;None
Abendsonne am eigenen Balkon genießen - 2 Zimmer - Wohnung in Dornbirn;€ 810;2,5 Zimmer;59,82 m;Dornbirn;Dornbirn;None
None;None;None;None;None;None;None
None;None;None;None;None;None;None
4-Zi-Penthauswhg. in Feldkirch/Nofels;€ 1.400;N/A;100 m;Feldkirch;Feldkirch;None
4-Zi-Penthauswhg. in Feldkirch/Nofels;€ 1.400;N/A;100 m;Feldkirch;Feldkirch;None
3-Zimmerwohnung in Götzis zu vermieten!;€ 998;3 Zimmer;81,89 m;Feldkirch;Götzis; , Hauptstraße 22 
3-Zimmerwohnung in Götzis zu vermieten!;€ 998;3 Zimmer;81,89 m;Feldkirch;Götzis; , Hauptstraße 22 
Großzügige 2,5-Zimmerwohnung in Fußgängerzone;€ 700;2 Zimmer;65 m;Bludenz;Bludenz; , Rathausgasse 
Großzügige 2,5-Zimmerwohnung in Fußgängerzone;€ 700;2 Zimmer;65 m;Bludenz;Bludenz; , Rathausgasse 
Alpenländische 4 Zimmer Mietwohnungen mit Kaufoption in Laterns Top 1;€ 870;N/A;82,8 m;Feldkirch;Laterns; , Unterkirchdorfstraße 20 
Alpenländische 4 Zimmer Mietwohnungen mit Kaufoption in Laterns Top 1;€ 870;N/A;82,8 m;Feldkirch;Laterns; , Unterkirchdorfstraße 20 
Vermietet! Wohnen ganz oben in der Loft;€ 1.152;2 Zimmer;89 m;Feldkirch;Altach;None
Vermietet! Wohnen ganz oben in der Loft;€ 1.152;2 Zimmer;89 m;Feldkirch;Altach;None
Großzügige, helle 4-Zimmer-Wohnung im Zentrum von Schruns ab sofort zu vermieten;€ 1.426,65;4 Zimmer;115 m;Bludenz;Schruns;None
Großzügige, helle 4-Zimmer-Wohnung im Zentrum von Schruns ab sofort zu vermieten;€ 1.426,65;4 Zimmer;115 m;Bludenz;Schruns;None
None;None;None;None;None;None;None
None;None;None;None;None;None;None
4-Zimmer Wohnung im Zentrum von Dornbirn;€ 1.735,33;4 Zimmer;92,82 m;Dornbirn;Dornbirn; , Poststraße 1 
4-Zimmer Wohnung im Zentrum von Dornbirn;€ 1.735,33;4 Zimmer;92,82 m;Dornbirn;Dornbirn; , Poststraße 1 
Nette 1-Zimmerwohnung in Feldkirch-Tosters zu vermieten!;€ 540;1 Zimmer;26,05 m;Feldkirch;Feldkirch; , Am Breiten Wasen 1 
Nette 1-Zimmerwohnung in Feldkirch-Tosters zu vermieten!;€ 540;1 Zimmer;26,05 m;Feldkirch;Feldkirch; , Am Breiten Wasen 1 
PLACE TO BE - Wohnen in der Bahnhofcity Feldkirch / 2 Zimmerwohnung Top 41;€ 952;N/A;55 m;Feldkirch;Feldkirch; , Bahnhofstraße 36 
PLACE TO BE - Wohnen in der Bahnhofcity Feldkirch / 2 Zimmerwohnung Top 41;€ 952;N/A;55 m;Feldkirch;Feldkirch; , Bahnhofstraße 36 
Zentral gelegene Dachgeschoßwohnung (Loft) in Götzis;Preis auf Anfrage;N/A;106 m;Feldkirch;Götzis; , Dr.-A.-Heinzle-Straße 47 
Zentral gelegene Dachgeschoßwohnung (Loft) in Götzis;Preis auf Anfrage;N/A;106 m;Feldkirch;Götzis; , Dr.-A.-Heinzle-Straße 47 
None;None;None;None;None;None;None
None;None;None;None;None;None;None
Großzügige 4-Zimmerwohnung in Götzis - Top 4;Preis auf Anfrage;4 Zimmer;108 m;Feldkirch;Götzis; , Dr.-A.-Heinzle-Straße 47 
Großzügige 4-Zimmerwohnung in Götzis - Top 4;Preis auf Anfrage;4 Zimmer;108 m;Feldkirch;Götzis; , Dr.-A.-Heinzle-Straße 47 
Dornbirn Stadt: Schöne, helle 3-Zimmerwohnung;€ 1.465;3 Zimmer;84,31 m;Dornbirn;Dornbirn; , Poststraße 1 
Dornbirn Stadt: Schöne, helle 3-Zimmerwohnung;€ 1.465;3 Zimmer;84,31 m;Dornbirn;Dornbirn; , Poststraße 1 
SONNIGE 3 1/2 ZIMMER TERRASSENWOHNUNG MIT TIEFGARAGENPLATZ;€ 1.100;N/A;77 m;Feldkirch;Feldkirch; , Böschenmahdstraße 31b 
SONNIGE 3 1/2 ZIMMER TERRASSENWOHNUNG MIT TIEFGARAGENPLATZ;€ 1.100;N/A;77 m;Feldkirch;Feldkirch; , Böschenmahdstraße 31b 
None;None;None;None;None;None;None
None;None;None;None;None;None;None
4-Zimmer-Maisonettewohnung in Bregenz zu vermieten!;€ 1.290;4 Zimmer;91,25 m;Bregenz;Bregenz; , Strabonstraße 38 
4-Zimmer-Maisonettewohnung in Bregenz zu vermieten!;€ 1.290;4 Zimmer;91,25 m;Bregenz;Bregenz; , Strabonstraße 38 
Lichtdurchflutete und moderne 3-Zimmerwohnung;€ 1.020;N/A;74,3 m;Dornbirn;Lustenau; , Augartenstraße 86 
Lichtdurchflutete und moderne 3-Zimmerwohnung;€ 1.020;N/A;74,3 m;Dornbirn;Lustenau; , Augartenstraße 86 
Büroräumlichkeiten / Top 6;Preis auf Anfrage;N/A;110 m;Bludenz;Bludenz; , Wichnerstraße 
Büroräumlichkeiten / Top 6;Preis auf Anfrage;N/A;110 m;Bludenz;Bludenz; , Wichnerstraße 
Büroräumlichkeiten / Top 9;Preis auf Anfrage;N/A;110 m;Bludenz;Bludenz; , Wichnersstraße 
Büroräumlichkeiten / Top 9;Preis auf Anfrage;N/A;110 m;Bludenz;Bludenz; , Wichnersstraße 
Gemütliche 2-Zimmerwohnung mit Loggia;€ 777,66;N/A;54,04 m;Bregenz;Höchst; , Paradies 3a 
Gemütliche 2-Zimmerwohnung mit Loggia;€ 777,66;N/A;54,04 m;Bregenz;Höchst; , Paradies 3a 
Großzügige Wohnung mit 3 Schlafzimmern, Wohn-Esszimmer und Balkon zu vermieten;€ 1.189,45;3,5 Zimmer;183681;Feldkirch;Weiler;None
Großzügige Wohnung mit 3 Schlafzimmern, Wohn-Esszimmer und Balkon zu vermieten;€ 1.189,45;3,5 Zimmer;183681;Feldkirch;Weiler;None
Bregenz - Nähe Riedenburg: Sonnige 3-Zi-GartenWohnung - ideal für Paar oder Kleinfamilie!;€ 1.150;N/A;70 m;Bregenz;Bregenz; , Arlbergstraße 111b 
Bregenz - Nähe Riedenburg: Sonnige 3-Zi-GartenWohnung - ideal für Paar oder Kleinfamilie!;€ 1.150;N/A;70 m;Bregenz;Bregenz; , Arlbergstraße 111b 
